<?xml version="1.0" encoding="UTF-8"?>
<metadata xml:lang="en"><Esri><CreaDate>20180328</CreaDate><CreaTime>10001200</CreaTime><ArcGISFormat>1.0</ArcGISFormat><SyncOnce>TRUE</SyncOnce><DataProperties><itemProps><itemLocation><linkage Sync="TRUE">file://\\nasprgshare220\Share\ehs\BESP\EODEShare\NYCCAS\Data Requests\OpenData300m\s8_o3300m</linkage><protocol Sync="TRUE">Local Area Network</protocol></itemLocation></itemProps><copyHistory><copy source="E:\OutputData\NYCCAS 7 yr surface\s8_o3300m" dest="\\nasprgshare220\Share\ehs\BESP\EODEShare\NYCCAS\Data Requests\OpenData300m\s8_o3300m" date="20180328" time="10001200"></copy></copyHistory></DataProperties></Esri></metadata>
