<?xml version="1.0" encoding="UTF-8"?>
<metadata xml:lang="en"><Esri><CreaDate>20160427</CreaDate><CreaTime>14491100</CreaTime><ArcGISFormat>1.0</ArcGISFormat><SyncOnce>TRUE</SyncOnce><DataProperties><itemProps><itemLocation><linkage Sync="TRUE">file://\\nasprgshare220\Share\ehs\BESP\EODEShare\NYCCAS\Data Requests\OpenData300m\New Folder\aa1_no2300ma</linkage><protocol Sync="TRUE">Local Area Network</protocol></itemLocation></itemProps><copyHistory><copy source="E:\OutputData\NYCCAS 6yr surface\aa1_no2300ma" dest="\\nasprgshare220\Share\ehs\BESP\EODEShare\NYCCAS\Data Requests\OpenData300m\New Folder\aa1_no2300ma" date="20160427" time="14491100"></copy></copyHistory></DataProperties></Esri></metadata>
