<PAMDataset>
  <SRS>PROJCS[&quot;Lambert_Conformal_Conic_2SP&quot;,GEOGCS[&quot;GCS_Unknown_datum_based_upon_the_GRS_1980_ellipsoid&quot;,DATUM[&quot;Not_specified_based_on_GRS_1980_ellipsoid&quot;,SPHEROID[&quot;GRS_1980&quot;,6378137.0,298.257222101]],PRIMEM[&quot;Greenwich&quot;,0.0],UNIT[&quot;Degree&quot;,0.0174532925199433]],PROJECTION[&quot;Lambert_Conformal_Conic_2SP&quot;],PARAMETER[&quot;false_easting&quot;,984250.0],PARAMETER[&quot;false_northing&quot;,0.0],PARAMETER[&quot;central_meridian&quot;,-74.0],PARAMETER[&quot;standard_parallel_1&quot;,40.66666666666666],PARAMETER[&quot;standard_parallel_2&quot;,41.03333333333333],PARAMETER[&quot;latitude_of_origin&quot;,40.16666666666666],UNIT[&quot;Foot_US&quot;,0.3048006096012192]]</SRS>
  <PAMRasterBand band="1">
    <Description>aa1_no2300ma</Description>
    <Histograms>
      <HistItem>
        <HistMin>9.035059928894043</HistMin>
        <HistMax>52.201171875</HistMax>
        <BucketCount>256</BucketCount>
        <IncludeOutOfRange>1</IncludeOutOfRange>
        <Approximate>0</Approximate>
        <HistCounts>2|1|0|3|4|1|1|0|6|11|1|18|18|16|17|16|22|28|25|24|25|34|33|42|61|52|51|47|51|52|62|58|70|68|51|67|55|46|57|48|75|62|55|50|54|55|60|59|43|63|44|56|50|52|52|43|59|48|57|72|87|81|73|75|90|91|99|112|135|92|109|117|118|127|110|123|134|127|136|143|123|125|125|116|128|116|133|136|111|106|115|112|96|83|81|83|77|85|98|93|82|95|98|87|87|86|77|83|80|87|64|55|61|40|43|49|50|40|36|31|31|28|20|19|15|23|22|18|18|26|15|15|15|16|17|13|11|6|10|11|15|5|7|9|6|3|8|5|3|2|9|5|4|4|6|3|7|5|5|5|4|5|3|9|5|2|4|5|4|7|4|5|5|3|3|1|2|2|1|3|2|2|1|1|2|0|1|3|3|1|5|4|0|1|0|2|0|1|1|2|1|0|4|0|2|2|1|2|4|0|1|3|2|1|0|0|0|2|0|1|0|0|3|1|1|0|1|3|0|2|3|1|0|0|1|1|0|1|0|0|0|2|2|1|1|1|2|1|0|0|0|1|0|1|0|1</HistCounts>
      </HistItem>
    </Histograms>
  </PAMRasterBand>
</PAMDataset>
