<PAMDataset>
  <SRS>PROJCS[&quot;Lambert_Conformal_Conic_2SP&quot;,GEOGCS[&quot;GCS_Unknown_datum_based_upon_the_GRS_1980_ellipsoid&quot;,DATUM[&quot;Not_specified_based_on_GRS_1980_ellipsoid&quot;,SPHEROID[&quot;GRS_1980&quot;,6378137.0,298.257222101]],PRIMEM[&quot;Greenwich&quot;,0.0],UNIT[&quot;Degree&quot;,0.0174532925199433]],PROJECTION[&quot;Lambert_Conformal_Conic_2SP&quot;],PARAMETER[&quot;false_easting&quot;,984250.0],PARAMETER[&quot;false_northing&quot;,0.0],PARAMETER[&quot;central_meridian&quot;,-74.0],PARAMETER[&quot;standard_parallel_1&quot;,40.66666666666666],PARAMETER[&quot;standard_parallel_2&quot;,41.03333333333333],PARAMETER[&quot;latitude_of_origin&quot;,40.16666666666666],UNIT[&quot;Foot_US&quot;,0.3048006096012192]]</SRS>
  <PAMRasterBand band="1">
    <Description>aa1_pm300ma</Description>
    <Histograms>
      <HistItem>
        <HistMin>8.514730453491211</HistMin>
        <HistMax>17.85660743713379</HistMax>
        <BucketCount>256</BucketCount>
        <IncludeOutOfRange>1</IncludeOutOfRange>
        <Approximate>0</Approximate>
        <HistCounts>32|19|9|14|28|45|52|55|36|47|51|26|31|42|69|69|68|80|56|72|101|144|145|168|133|159|181|196|179|155|165|139|173|171|149|155|125|144|116|116|122|118|107|103|109|111|108|110|107|130|116|126|104|101|129|95|99|111|91|95|97|78|92|81|61|69|69|52|49|54|38|54|60|51|43|38|54|48|47|49|55|39|35|44|59|50|45|53|39|38|35|35|25|39|35|27|25|32|29|29|16|16|22|15|28|20|27|13|9|10|7|12|7|17|8|18|15|11|11|16|12|8|10|10|17|8|3|10|10|10|8|10|6|3|6|7|4|9|3|6|4|8|3|1|2|4|1|2|3|2|2|1|3|2|3|1|2|0|1|1|0|0|2|1|2|0|0|1|2|2|2|1|0|1|3|2|1|1|1|2|1|1|1|1|0|1|0|0|2|1|1|1|2|0|0|2|1|0|1|1|1|0|1|2|0|1|1|2|1|0|1|0|0|1|0|0|0|0|1|2|0|1|0|1|1|1|0|1|1|1|1|1|0|0|0|0|1|1|0|0|0|0|2|0|0|2|0|2|0|0|0|0|0|0|0|1</HistCounts>
      </HistItem>
    </Histograms>
  </PAMRasterBand>
</PAMDataset>
