<PAMDataset>
  <SRS>PROJCS[&quot;Lambert_Conformal_Conic_2SP&quot;,GEOGCS[&quot;GCS_Unknown_datum_based_upon_the_GRS_1980_ellipsoid&quot;,DATUM[&quot;Not_specified_based_on_GRS_1980_ellipsoid&quot;,SPHEROID[&quot;GRS_1980&quot;,6378137.0,298.257222101]],PRIMEM[&quot;Greenwich&quot;,0.0],UNIT[&quot;Degree&quot;,0.0174532925199433]],PROJECTION[&quot;Lambert_Conformal_Conic_2SP&quot;],PARAMETER[&quot;false_easting&quot;,984250.0],PARAMETER[&quot;false_northing&quot;,0.0],PARAMETER[&quot;central_meridian&quot;,-74.0],PARAMETER[&quot;standard_parallel_1&quot;,40.66666666666666],PARAMETER[&quot;standard_parallel_2&quot;,41.03333333333333],PARAMETER[&quot;latitude_of_origin&quot;,40.16666666666666],UNIT[&quot;Foot_US&quot;,0.3048006096012192]]</SRS>
  <PAMRasterBand band="1">
    <Description>aa2_no2300ma</Description>
    <Histograms>
      <HistItem>
        <HistMin>8.592503547668457</HistMin>
        <HistMax>46.87981033325195</HistMax>
        <BucketCount>256</BucketCount>
        <IncludeOutOfRange>1</IncludeOutOfRange>
        <Approximate>0</Approximate>
        <HistCounts>2|1|0|3|5|6|6|6|10|17|25|28|18|17|20|19|20|26|22|21|43|42|37|52|45|62|52|71|52|45|43|51|40|64|51|41|65|43|58|55|50|41|56|58|63|46|41|53|29|49|51|39|40|43|58|41|48|47|41|45|52|68|49|49|81|75|92|78|57|85|109|81|102|120|94|124|110|124|133|133|103|136|114|136|136|105|126|119|126|123|105|110|136|108|118|107|114|91|79|96|86|81|86|92|93|83|81|114|103|101|99|84|89|81|78|68|57|59|44|29|42|30|32|34|25|31|26|29|21|20|22|22|11|14|8|13|9|9|5|10|15|8|7|4|7|4|8|4|3|6|6|3|2|7|4|4|5|2|6|6|6|6|5|3|4|3|7|6|4|3|8|4|5|8|4|1|3|2|2|1|2|2|2|2|1|2|1|2|0|2|4|1|4|2|1|1|2|1|0|2|1|1|3|1|2|0|1|4|2|2|0|1|2|2|2|0|1|0|0|2|0|0|2|2|0|1|1|2|2|1|3|0|1|0|1|0|1|0|1|0|0|2|2|1|1|2|1|1|0|0|1|0|1|0|0|1</HistCounts>
      </HistItem>
    </Histograms>
  </PAMRasterBand>
</PAMDataset>
