<PAMDataset>
  <SRS>PROJCS[&quot;Lambert_Conformal_Conic_2SP&quot;,GEOGCS[&quot;GCS_Unknown_datum_based_upon_the_GRS_1980_ellipsoid&quot;,DATUM[&quot;Not_specified_based_on_GRS_1980_ellipsoid&quot;,SPHEROID[&quot;GRS_1980&quot;,6378137.0,298.257222101]],PRIMEM[&quot;Greenwich&quot;,0.0],UNIT[&quot;Degree&quot;,0.0174532925199433]],PROJECTION[&quot;Lambert_Conformal_Conic_2SP&quot;],PARAMETER[&quot;false_easting&quot;,984250.0],PARAMETER[&quot;false_northing&quot;,0.0],PARAMETER[&quot;central_meridian&quot;,-74.0],PARAMETER[&quot;standard_parallel_1&quot;,40.66666666666666],PARAMETER[&quot;standard_parallel_2&quot;,41.03333333333333],PARAMETER[&quot;latitude_of_origin&quot;,40.16666666666666],UNIT[&quot;Foot_US&quot;,0.3048006096012192]]</SRS>
  <PAMRasterBand band="1">
    <Description>aa2_pm300ma</Description>
    <Histograms>
      <HistItem>
        <HistMin>7.747155666351318</HistMin>
        <HistMax>17.61442947387695</HistMax>
        <BucketCount>256</BucketCount>
        <IncludeOutOfRange>1</IncludeOutOfRange>
        <Approximate>0</Approximate>
        <HistCounts>31|25|8|23|41|43|59|42|42|63|48|47|75|90|99|113|159|178|174|162|152|155|156|195|155|148|155|159|159|173|152|134|161|123|125|110|131|130|129|129|131|127|133|144|129|125|140|137|116|139|121|124|105|75|102|81|82|79|78|86|53|54|67|65|48|66|48|72|55|55|55|53|46|49|40|39|52|31|50|43|43|46|27|37|38|29|35|31|28|35|25|28|22|23|20|16|12|13|13|16|18|12|21|12|9|6|14|12|13|9|8|12|9|10|9|7|5|10|5|2|7|1|3|4|4|6|9|6|5|4|4|2|0|2|2|2|2|1|2|1|1|1|3|0|1|0|1|0|0|2|1|2|2|0|0|0|2|2|2|4|1|0|1|0|2|0|0|1|0|1|2|1|2|0|1|1|0|1|1|2|0|0|3|0|0|1|0|1|1|1|0|1|0|1|1|0|0|1|1|2|0|2|1|0|1|0|1|0|0|0|0|1|0|0|0|1|2|0|1|1|0|0|1|1|0|1|1|0|2|0|0|1|0|0|0|1|0|0|0|0|0|0|2|1|0|3|0|0|0|0|0|0|0|0|0|1</HistCounts>
      </HistItem>
    </Histograms>
  </PAMRasterBand>
</PAMDataset>
