<PAMDataset>
  <SRS>PROJCS[&quot;Lambert_Conformal_Conic_2SP&quot;,GEOGCS[&quot;GCS_Unknown_datum_based_upon_the_GRS_1980_ellipsoid&quot;,DATUM[&quot;Not_specified_based_on_GRS_1980_ellipsoid&quot;,SPHEROID[&quot;GRS_1980&quot;,6378137.0,298.257222101]],PRIMEM[&quot;Greenwich&quot;,0.0],UNIT[&quot;Degree&quot;,0.0174532925199433]],PROJECTION[&quot;Lambert_Conformal_Conic_2SP&quot;],PARAMETER[&quot;false_easting&quot;,984250.0],PARAMETER[&quot;false_northing&quot;,0.0],PARAMETER[&quot;central_meridian&quot;,-74.0],PARAMETER[&quot;standard_parallel_1&quot;,40.66666666666666],PARAMETER[&quot;standard_parallel_2&quot;,41.03333333333333],PARAMETER[&quot;latitude_of_origin&quot;,40.16666666666666],UNIT[&quot;Foot_US&quot;,0.3048006096012192]]</SRS>
  <PAMRasterBand band="1">
    <Description>aa3_pm300ma</Description>
    <Histograms>
      <HistItem>
        <HistMin>8.363828659057617</HistMin>
        <HistMax>16.2840576171875</HistMax>
        <BucketCount>256</BucketCount>
        <IncludeOutOfRange>1</IncludeOutOfRange>
        <Approximate>0</Approximate>
        <HistCounts>16|24|35|44|48|60|64|59|42|53|36|53|16|19|40|34|40|41|42|49|73|122|151|205|187|160|125|116|126|142|117|119|127|140|126|136|131|106|121|154|147|138|163|110|102|105|111|100|105|100|104|119|105|88|99|91|93|80|76|90|90|117|78|91|76|72|53|84|71|63|65|61|56|54|43|61|58|48|58|51|48|55|51|49|45|49|41|40|47|45|42|51|39|36|40|33|39|34|36|28|24|22|28|25|25|19|32|28|25|17|14|28|24|19|17|8|22|10|9|15|17|12|11|12|7|11|12|12|13|9|10|15|12|16|9|12|4|6|6|5|10|13|7|2|11|3|5|5|8|5|4|4|3|8|3|5|2|2|1|4|3|1|3|0|0|1|1|1|3|5|1|0|0|2|1|0|1|5|3|2|0|3|1|1|1|1|0|0|1|1|0|1|1|1|1|3|1|1|0|0|1|3|1|0|0|1|2|1|0|1|0|1|1|1|0|0|0|1|1|1|2|0|0|1|0|1|1|2|0|0|0|0|1|1|1|0|0|1|0|0|2|0|1|1|0|0|0|1|2|0|0|0|0|0|0|1</HistCounts>
      </HistItem>
    </Histograms>
  </PAMRasterBand>
</PAMDataset>
