<PAMDataset>
  <SRS>PROJCS[&quot;Lambert_Conformal_Conic_2SP&quot;,GEOGCS[&quot;GCS_Unknown_datum_based_upon_the_GRS_1980_ellipsoid&quot;,DATUM[&quot;Not_specified_based_on_GRS_1980_ellipsoid&quot;,SPHEROID[&quot;GRS_1980&quot;,6378137.0,298.257222101]],PRIMEM[&quot;Greenwich&quot;,0.0],UNIT[&quot;Degree&quot;,0.0174532925199433]],PROJECTION[&quot;Lambert_Conformal_Conic_2SP&quot;],PARAMETER[&quot;false_easting&quot;,984250.0],PARAMETER[&quot;false_northing&quot;,0.0],PARAMETER[&quot;central_meridian&quot;,-74.0],PARAMETER[&quot;standard_parallel_1&quot;,40.66666666666666],PARAMETER[&quot;standard_parallel_2&quot;,41.03333333333333],PARAMETER[&quot;latitude_of_origin&quot;,40.16666666666666],UNIT[&quot;Foot_US&quot;,0.3048006096012192]]</SRS>
  <PAMRasterBand band="1">
    <Description>aa3_no2300ma</Description>
    <Histograms>
      <HistItem>
        <HistMin>8.712006568908691</HistMin>
        <HistMax>46.31484985351563</HistMax>
        <BucketCount>256</BucketCount>
        <IncludeOutOfRange>1</IncludeOutOfRange>
        <Approximate>0</Approximate>
        <HistCounts>2|2|2|3|5|4|1|9|12|13|12|20|15|25|23|20|14|25|19|21|29|24|30|23|36|32|39|31|39|48|47|56|57|52|62|40|39|57|43|41|54|46|49|50|54|55|49|39|41|39|46|49|42|55|45|53|36|48|39|44|53|43|56|63|53|49|80|79|67|74|72|71|91|86|80|100|110|121|110|105|110|111|116|117|124|125|112|129|138|144|113|119|139|127|120|105|130|95|97|113|101|91|90|80|85|88|77|91|101|108|99|69|89|87|89|98|91|87|91|72|82|59|38|42|36|24|30|27|29|24|29|22|22|11|28|23|12|10|11|11|12|5|12|7|9|10|8|7|5|4|7|8|6|2|5|7|4|2|3|6|4|3|7|8|4|7|4|4|6|4|4|6|8|3|3|9|4|5|7|1|3|4|1|3|0|1|2|2|1|1|2|1|1|1|4|3|3|1|1|3|2|0|1|2|2|0|5|0|1|2|1|3|2|1|1|1|3|1|1|0|0|2|0|0|2|1|2|1|1|2|2|2|1|1|0|1|0|1|0|1|0|2|2|1|0|3|1|0|1|0|1|0|1|0|0|1</HistCounts>
      </HistItem>
    </Histograms>
  </PAMRasterBand>
</PAMDataset>
