<PAMDataset>
  <SRS>PROJCS[&quot;Lambert_Conformal_Conic_2SP&quot;,GEOGCS[&quot;GCS_Unknown_datum_based_upon_the_GRS_1980_ellipsoid&quot;,DATUM[&quot;Not_specified_based_on_GRS_1980_ellipsoid&quot;,SPHEROID[&quot;GRS_1980&quot;,6378137.0,298.257222101]],PRIMEM[&quot;Greenwich&quot;,0.0],UNIT[&quot;Degree&quot;,0.0174532925199433]],PROJECTION[&quot;Lambert_Conformal_Conic_2SP&quot;],PARAMETER[&quot;false_easting&quot;,984250.0],PARAMETER[&quot;false_northing&quot;,0.0],PARAMETER[&quot;central_meridian&quot;,-74.0],PARAMETER[&quot;standard_parallel_1&quot;,40.66666666666666],PARAMETER[&quot;standard_parallel_2&quot;,41.03333333333333],PARAMETER[&quot;latitude_of_origin&quot;,40.16666666666666],UNIT[&quot;Foot_US&quot;,0.3048006096012192]]</SRS>
  <PAMRasterBand band="1">
    <Description>aa4_no2300ma</Description>
    <Histograms>
      <HistItem>
        <HistMin>7.68161678314209</HistMin>
        <HistMax>44.54657363891602</HistMax>
        <BucketCount>256</BucketCount>
        <IncludeOutOfRange>1</IncludeOutOfRange>
        <Approximate>0</Approximate>
        <HistCounts>2|1|0|2|1|5|3|6|3|13|14|19|21|28|27|22|17|16|35|23|32|40|19|35|34|40|44|41|32|56|51|48|36|49|66|58|62|60|50|45|58|41|65|47|56|69|49|55|70|60|47|61|47|63|56|50|48|47|61|57|64|70|71|91|85|71|71|73|89|96|102|82|136|118|135|118|120|117|127|112|116|140|143|113|143|110|138|148|128|119|115|126|94|129|99|106|78|83|89|91|90|109|88|98|81|90|92|84|97|84|102|82|89|68|71|67|48|29|32|29|21|32|24|19|29|24|15|17|18|15|13|14|7|8|11|12|5|11|4|10|5|5|11|6|4|7|3|6|6|3|4|1|9|1|5|4|6|4|7|7|4|4|8|3|4|6|4|6|4|5|3|4|5|3|4|6|3|3|4|0|2|0|1|3|1|2|0|1|1|2|1|3|3|3|2|0|3|1|1|1|1|2|1|1|5|0|1|2|1|3|2|1|0|2|1|3|1|0|0|0|2|0|0|3|0|2|1|0|4|0|2|2|1|0|1|0|0|1|1|0|0|2|2|1|2|1|1|0|1|0|1|0|1|0|0|1</HistCounts>
      </HistItem>
    </Histograms>
  </PAMRasterBand>
</PAMDataset>
