<PAMDataset>
  <SRS>PROJCS[&quot;Lambert_Conformal_Conic_2SP&quot;,GEOGCS[&quot;GCS_Unknown_datum_based_upon_the_GRS_1980_ellipsoid&quot;,DATUM[&quot;Not_specified_based_on_GRS_1980_ellipsoid&quot;,SPHEROID[&quot;GRS_1980&quot;,6378137.0,298.257222101]],PRIMEM[&quot;Greenwich&quot;,0.0],UNIT[&quot;Degree&quot;,0.0174532925199433]],PROJECTION[&quot;Lambert_Conformal_Conic_2SP&quot;],PARAMETER[&quot;false_easting&quot;,984250.0],PARAMETER[&quot;false_northing&quot;,0.0],PARAMETER[&quot;central_meridian&quot;,-74.0],PARAMETER[&quot;standard_parallel_1&quot;,40.66666666666666],PARAMETER[&quot;standard_parallel_2&quot;,41.03333333333333],PARAMETER[&quot;latitude_of_origin&quot;,40.16666666666666],UNIT[&quot;Foot_US&quot;,0.3048006096012192]]</SRS>
  <PAMRasterBand band="1">
    <Description>aa4_pm300ma</Description>
    <Histograms>
      <HistItem>
        <HistMin>7.219213008880615</HistMin>
        <HistMax>16.19412994384766</HistMax>
        <BucketCount>256</BucketCount>
        <IncludeOutOfRange>1</IncludeOutOfRange>
        <Approximate>0</Approximate>
        <HistCounts>15|35|57|74|69|56|52|57|55|29|39|44|31|30|44|46|69|87|82|97|129|169|202|203|187|188|194|199|173|163|152|173|170|147|124|147|120|139|145|121|121|141|116|123|138|141|136|112|102|109|109|110|109|102|83|93|82|77|72|77|76|52|58|61|55|47|63|44|52|41|60|56|42|42|41|47|52|42|47|36|51|57|51|38|37|36|37|36|33|37|29|30|29|25|25|22|18|19|22|23|24|17|19|20|12|10|8|9|11|14|15|13|8|14|20|10|11|9|11|14|11|5|8|11|7|11|6|7|7|6|7|4|8|3|4|6|9|4|4|2|2|0|4|2|4|2|1|1|2|3|2|3|1|0|0|1|1|0|1|2|1|1|0|0|2|2|1|2|1|1|1|3|2|0|1|0|3|0|1|2|0|2|0|0|0|2|0|1|2|2|0|0|1|1|1|1|0|0|2|0|1|1|1|1|0|2|1|1|1|0|0|1|0|0|0|0|1|0|2|0|1|1|1|0|1|0|1|1|1|1|1|0|0|0|0|1|1|0|0|0|0|0|2|0|2|0|2|0|0|0|0|0|0|0|0|1</HistCounts>
      </HistItem>
    </Histograms>
  </PAMRasterBand>
</PAMDataset>
