<PAMDataset>
  <SRS>PROJCS[&quot;Lambert_Conformal_Conic_2SP&quot;,GEOGCS[&quot;GCS_Unknown_datum_based_upon_the_GRS_1980_ellipsoid&quot;,DATUM[&quot;Not_specified_based_on_GRS_1980_ellipsoid&quot;,SPHEROID[&quot;GRS_1980&quot;,6378137.0,298.257222101]],PRIMEM[&quot;Greenwich&quot;,0.0],UNIT[&quot;Degree&quot;,0.0174532925199433]],PROJECTION[&quot;Lambert_Conformal_Conic_2SP&quot;],PARAMETER[&quot;false_easting&quot;,984250.0],PARAMETER[&quot;false_northing&quot;,0.0],PARAMETER[&quot;central_meridian&quot;,-74.0],PARAMETER[&quot;standard_parallel_1&quot;,40.66666666666666],PARAMETER[&quot;standard_parallel_2&quot;,41.03333333333333],PARAMETER[&quot;latitude_of_origin&quot;,40.16666666666666],UNIT[&quot;Foot_US&quot;,0.3048006096012192]]</SRS>
  <PAMRasterBand band="1">
    <Description>aa5_no2300ma</Description>
    <Histograms>
      <HistItem>
        <HistMin>6.886046409606934</HistMin>
        <HistMax>43.09967041015625</HistMax>
        <BucketCount>256</BucketCount>
        <IncludeOutOfRange>1</IncludeOutOfRange>
        <Approximate>0</Approximate>
        <HistCounts>2|1|0|3|3|5|6|5|5|9|16|18|31|15|17|22|17|24|11|30|28|28|33|47|33|40|43|55|66|45|60|29|54|41|48|46|53|47|43|44|41|52|52|43|47|56|55|46|66|66|67|66|49|43|50|45|58|62|46|45|58|66|58|64|65|76|62|80|100|82|94|99|79|89|104|110|103|130|142|117|136|127|138|131|138|142|143|124|140|124|120|117|113|110|100|91|88|94|90|86|100|89|79|80|114|95|97|76|82|89|86|100|91|79|94|63|75|60|57|45|31|25|16|26|27|23|18|31|21|19|12|16|23|18|13|11|12|13|7|5|11|8|5|12|10|5|4|4|9|8|5|6|4|3|2|7|2|4|5|4|8|6|6|3|8|6|3|4|3|9|5|4|3|5|4|4|6|4|4|4|2|1|1|0|2|2|1|2|0|2|1|1|1|6|1|3|1|1|3|1|1|1|1|3|0|4|1|1|2|1|2|3|1|1|1|1|3|1|0|0|0|2|0|2|1|1|1|1|2|2|1|2|2|0|1|0|0|1|0|1|0|2|2|1|1|2|1|0|1|0|1|0|1|0|0|1</HistCounts>
      </HistItem>
    </Histograms>
  </PAMRasterBand>
</PAMDataset>
