<PAMDataset>
  <SRS>PROJCS[&quot;Lambert_Conformal_Conic_2SP&quot;,GEOGCS[&quot;GCS_Unknown_datum_based_upon_the_GRS_1980_ellipsoid&quot;,DATUM[&quot;Not_specified_based_on_GRS_1980_ellipsoid&quot;,SPHEROID[&quot;GRS_1980&quot;,6378137.0,298.257222101]],PRIMEM[&quot;Greenwich&quot;,0.0],UNIT[&quot;Degree&quot;,0.0174532925199433]],PROJECTION[&quot;Lambert_Conformal_Conic_2SP&quot;],PARAMETER[&quot;false_easting&quot;,984250.0],PARAMETER[&quot;false_northing&quot;,0.0],PARAMETER[&quot;central_meridian&quot;,-74.0],PARAMETER[&quot;standard_parallel_1&quot;,40.66666666666666],PARAMETER[&quot;standard_parallel_2&quot;,41.03333333333333],PARAMETER[&quot;latitude_of_origin&quot;,40.16666666666666],UNIT[&quot;Foot_US&quot;,0.3048006096012192]]</SRS>
  <PAMRasterBand band="1">
    <Description>aa5_pm300ma</Description>
    <Histograms>
      <HistItem>
        <HistMin>7.34804105758667</HistMin>
        <HistMax>17.68298721313477</HistMax>
        <BucketCount>256</BucketCount>
        <IncludeOutOfRange>1</IncludeOutOfRange>
        <Approximate>0</Approximate>
        <HistCounts>186|114|118|153|253|244|303|298|241|243|231|179|192|184|168|167|165|167|178|169|163|152|156|144|153|130|171|153|134|139|150|144|115|105|96|93|97|95|91|68|86|79|68|54|49|69|57|60|54|57|43|42|45|60|44|43|52|58|44|50|41|48|37|49|32|27|31|34|23|37|28|24|19|30|19|27|14|7|14|18|17|19|15|16|19|15|11|14|5|8|14|16|11|5|7|5|3|7|8|6|12|11|13|4|7|7|8|11|3|4|4|2|4|7|3|4|2|1|4|5|3|1|3|1|1|4|5|6|1|2|2|2|1|1|1|1|2|1|1|3|1|1|3|1|0|1|0|0|1|0|4|1|2|0|0|0|2|0|1|4|3|0|1|0|3|0|0|0|1|0|1|1|1|3|1|0|0|2|1|1|1|0|2|1|0|0|1|0|1|1|0|1|1|0|1|1|0|1|0|2|0|2|1|1|0|1|1|0|0|0|0|0|1|0|0|1|1|1|1|0|1|0|1|0|1|1|0|0|2|1|1|0|0|0|0|0|1|0|0|0|0|1|1|0|2|1|1|0|0|0|0|0|0|0|1|0</HistCounts>
      </HistItem>
    </Histograms>
  </PAMRasterBand>
</PAMDataset>
