<PAMDataset>
  <Metadata>
    <MDI key="DataType">Generic</MDI>
  </Metadata>
  <Metadata domain="Esri">
    <MDI key="PyramidResamplingType">NEAREST</MDI>
  </Metadata>
  <PAMRasterBand band="1">
    <NoDataValue le_hex_equiv="000000E0FFFFEFC7">-3.40282346638529E+038</NoDataValue>
    <Histograms>
      <HistItem>
        <HistMin>7.514452457427979</HistMin>
        <HistMax>15.75408458709717</HistMax>
        <BucketCount>256</BucketCount>
        <IncludeOutOfRange>1</IncludeOutOfRange>
        <Approximate>0</Approximate>
        <HistCounts>49|69|70|86|113|88|80|66|84|79|68|62|117|152|221|249|255|214|185|166|154|154|144|143|133|138|141|172|126|127|143|119|145|130|135|144|120|144|109|129|109|127|131|122|112|106|82|85|87|78|86|86|68|73|79|56|69|58|59|60|51|47|49|42|55|44|48|50|48|50|47|47|39|32|46|33|46|27|30|36|32|32|29|25|28|26|27|18|25|21|18|17|31|19|13|17|20|15|21|13|12|11|17|14|10|15|15|14|7|9|10|5|6|12|7|9|12|15|11|13|13|7|9|10|7|8|9|8|7|8|7|6|6|10|3|4|10|2|3|3|7|6|4|4|3|1|3|3|3|2|1|3|0|2|2|4|3|0|0|1|1|0|2|2|3|1|0|0|0|0|3|1|1|0|3|4|3|0|2|2|0|0|0|1|0|1|0|0|3|0|1|0|3|2|0|0|0|2|0|2|1|1|0|0|3|0|1|0|2|0|1|0|0|0|1|0|0|2|2|0|0|0|1|0|0|3|1|0|0|0|1|2|0|0|0|0|1|0|1|0|0|2|0|1|0|0|1|2|0|0|0|0|0|0|0|1</HistCounts>
      </HistItem>
    </Histograms>
    <Metadata>
      <MDI key="STATISTICS_MINIMUM">7.514452457428</MDI>
      <MDI key="STATISTICS_MAXIMUM">15.754084587097</MDI>
      <MDI key="STATISTICS_MEAN">8.8465365474083</MDI>
      <MDI key="STATISTICS_STDDEV">1.0380670121898</MDI>
      <MDI key="STATISTICS_COVARIANCES">1.07758312179666</MDI>
    </Metadata>
  </PAMRasterBand>
</PAMDataset>
