Difference,"Baseline: People Moving","Crisis: People Moving","Percent Change","Standard (Z) Score","Starting Region Name","Ending Region Name","Starting Location","Ending Location",Length(km),Geometry
3.2,21.8,25,14.035087719298,0.8979416532261,Kagal,Kagal,1103099,1103099,2.3416235713011,"LINESTRING (74.3225097622968 16.583552065207467, 74.30053710606016 16.583552065207467)"
0.8,13.2,14,5.6338028169014,0.17799766379599,Kagal,Kagal,1103099,1103099,2.3417514392543,"LINESTRING (74.3225097622968 16.583552065207467, 74.32250977028166 16.562492221613134)"
-0.6,11.6,11,-4.7619047619048,-0.24913643956122,Karvir,Karvir,1103096,1103096,2.340080580937,"LINESTRING (74.32250976355566 16.709862642677113, 74.30053710730607 16.709862642677113)"
4.2,17.8,22,22.340425531915,2.5560386016908,Hatkanangle,Hatkanangle,1103094,1103094,2.3385272490397,"LINESTRING (74.3225097640471 16.83608968220265, 74.30053710778988 16.836089682205852)"
-1.4,13.4,12,-9.7222222222222,-0.36391267143703,Kagal,Kagal,1103099,1103099,2.3417514392543,"LINESTRING (74.32250977028166 16.562492221613134, 74.3225097622968 16.583552065207467)"
2.4,12.6,15,17.647058823529,0.6135719910779,Hatkanangle,Hatkanangle,1103094,1103094,2.3413697234289,"LINESTRING (74.344482404084 16.60460960237917, 74.3664550846991 16.60460960781876)"
5.6,23.4,29,22.950819672131,0.79354828177119,Chikodi,Chikodi,1103786,1103786,2.3439185905548,"LINESTRING (74.36645507640254 16.393930789777983, 74.38842773265294 16.39393078977543)"
4.6,10.4,15,40.350877192982,1.2613395433463,Hatkanangle,Hatkanangle,1103094,1103094,2.3413697234289,"LINESTRING (74.3664550846991 16.60460960781876, 74.344482404084 16.60460960237917)"
-0.4,12.4,12,-2.9850746268657,-0.16609095970748,Chikodi,Chikodi,1103786,1103786,2.3436634469733,"LINESTRING (74.36645508721395 16.415008983812235, 74.38842773129022 16.41500898113066)"
5.6,35.4,41,15.384615384615,0.88213591453481,Chikodi,Chikodi,1103786,1103786,3.3146213422496,"LINESTRING (74.36645508721395 16.415008983812235, 74.38842773265294 16.39393078977543)"
1,10,11,9.0909090909091,0.21320071635561,Chikodi,Chikodi,1103786,1103786,2.3436634469733,"LINESTRING (74.38842773129022 16.41500898113066, 74.36645508721395 16.415008983812235)"
-3.6,27.6,24,-12.587412587413,-0.72289739601225,Chikodi,Chikodi,1103786,1103786,2.3437916203833,"LINESTRING (74.38842773129022 16.41500898113066, 74.38842773265294 16.39393078977543)"
4.8,20.2,25,22.641509433962,1.2968237446999,Chikodi,Chikodi,1103786,1103786,2.3439185905548,"LINESTRING (74.38842773265294 16.39393078977543, 74.36645507640254 16.393930789777983)"
2.8,19.2,22,13.861386138614,0.55232089020673,Chikodi,Chikodi,1103786,1103786,3.3146213422496,"LINESTRING (74.38842773265294 16.39393078977543, 74.36645508721395 16.415008983812235)"
-7,27,20,-25,-1.8382900600361,Chikodi,Chikodi,1103786,1103786,2.3437916203833,"LINESTRING (74.38842773265294 16.39393078977543, 74.38842773129022 16.41500898113066)"
1,22,23,4.3478260869565,0.20628424925176,Hatkanangle,Hatkanangle,1103094,1103094,2.3411103943116,"LINESTRING (74.38842773398454 16.62566483910707, 74.41040039024301 16.62566483910707)"
0.6,11.4,12,4.8387096774194,0.21483446221183,Walwa,Walwa,1103105,1103105,3.305150054655,"LINESTRING (74.38842773444688 16.962232627231522, 74.41040038429882 16.941214665158228)"
-0.4,13.4,13,-2.7777777777778,-0.26375218935832,Walwa,Walwa,1103105,1103105,2.3361766418253,"LINESTRING (74.38842773536584 17.025272390720737, 74.36645509133395 17.02527239351139)"
7.6,12.4,20,56.716417910448,3.3012290449993,Chikodi,Chikodi,1103786,1103786,2.3440452781794,"LINESTRING (74.38842773575045 16.372850317224415, 74.38842773265294 16.39393078977543)"
1,10,11,9.0909090909091,0.27216552697591,Hatkanangle,Hatkanangle,1103094,1103094,3.3110109688201,"LINESTRING (74.38842774093071 16.60460960781876, 74.41040039024301 16.62566483910707)"
-4.2,19.2,15,-20.792079207921,-1.0772772696894,Walwa,Walwa,1103105,1103105,2.3370944199263,"LINESTRING (74.41040038429882 16.941214665158228, 74.41040039069352 16.96223262723729)"
-0.6,11.6,11,-4.7619047619048,-0.1365754360818,Walwa,Miraj,1103105,1103111,18.847514885736,"LINESTRING (74.41040038429882 16.941214665158228, 74.56420898301705 16.857119361292995)"
2.4,10.6,13,20.689655172414,0.85933784884732,Hatkanangle,Hatkanangle,1103094,1103094,2.3395652484121,"LINESTRING (74.41040038844578 16.751947631981288, 74.43237305688484 16.75194763472697)"
4.4,19.6,24,21.359223300971,1.0015531979332,Hatkanangle,Hatkanangle,1103094,1103094,2.3411103943116,"LINESTRING (74.41040039024301 16.62566483910707, 74.38842773398454 16.62566483910707)"
-0.4,11.4,11,-3.2258064516129,-0.11405318970244,Hatkanangle,Hatkanangle,1103094,1103094,2.3412385734193,"LINESTRING (74.41040039024301 16.62566483910707, 74.41040039719302 16.60460960781876)"
7.4,18.6,26,37.755102040816,2.3057547255441,Walwa,Walwa,1103105,1103105,2.3370944199263,"LINESTRING (74.41040039069352 16.96223262723729, 74.41040038429882 16.941214665158228)"
6.8,30.2,37,21.794871794872,1.4272366325478,Hatkanangle,Hatkanangle,1103094,1103094,3.3095557825853,"LINESTRING (74.43237304480623 16.709862642677113, 74.45434569638181 16.688816664929178)"
4.4,35.6,40,12.021857923497,0.95337305803837,Hatkanangle,Hatkanangle,1103094,1103094,2.3400805798476,"LINESTRING (74.43237304480623 16.709862642677113, 74.45434570104558 16.709862642679674)"
-0.4,10.4,10,-3.5087719298246,-0.15339299776947,Hatkanangle,Hatkanangle,1103094,1103094,2.3402093210289,"LINESTRING (74.43237305232763 16.6888166676634, 74.43237304480623 16.709862642677113)"
-4.4,50.4,46,-8.5603112840467,-0.63641253955441,Hatkanangle,Hatkanangle,1103094,1103094,2.3403371663916,"LINESTRING (74.43237305232763 16.6888166676634, 74.45434569638181 16.688816664929178)"
3.2,10.8,14,27.118644067797,1.1925695879999,Hatkanangle,Hatkanangle,1103094,1103094,3.3095553525804,"LINESTRING (74.43237305232763 16.6888166676634, 74.45434570104558 16.709862642679674)"
-1.2,14.2,13,-7.8947368421053,-0.41905817746175,Palus,Palus,1103106,1103106,2.3353910084258,"LINESTRING (74.43237305385979 17.088290923712343, 74.41040038537625 17.08829092090766)"
-0.2,13.2,13,-1.4084507042253,-0.042933879074109,Palus,Palus,1103106,1103106,2.33538970719,"LINESTRING (74.43237305385979 17.088290923712343, 74.45434571010072 17.088290923714908)"
-6.4,17.4,11,-34.782608695652,-1.2599987695331,Palus,Palus,1103106,1103106,2.3352576408335,"LINESTRING (74.45434569457369 17.10929236726866, 74.45434571010072 17.088290923714908)"
-2.8,24.8,22,-10.852713178295,-0.54187909980133,Hatkanangle,Karvir,1103094,1103096,23.51881321098,"LINESTRING (74.45434569638181 16.688816664929178, 74.23461913854958 16.709862642679674)"
3.4,16.6,20,19.318181818182,0.96945211247074,Hatkanangle,Karvir,1103094,1103096,23.403382185181,"LINESTRING (74.45434569638181 16.688816664929178, 74.2346191460665 16.68881666766596)"
0.6,20.4,21,2.803738317757,0.1442541110503,Hatkanangle,Hatkanangle,1103094,1103094,3.3095557825854,"LINESTRING (74.45434569638181 16.688816664929178, 74.43237304480623 16.709862642677113)"
-3.8,46.8,43,-7.9497907949791,-0.49598043594982,Hatkanangle,Hatkanangle,1103094,1103094,2.3403371663916,"LINESTRING (74.45434569638181 16.688816664929178, 74.43237305232763 16.6888166676634)"
1.8,129.2,131,1.3824884792627,0.19500812550785,Hatkanangle,Hatkanangle,1103094,1103094,2.3402096253458,"LINESTRING (74.45434569638181 16.688816664929178, 74.45434570104558 16.709862642679674)"
5.4,42.6,48,12.385321100917,0.67872196598387,Hatkanangle,Hatkanangle,1103094,1103094,2.3404669975616,"LINESTRING (74.45434569638181 16.688816664929178, 74.45434570650006 16.66776837257837)"
3.2,11.8,15,25,4,Hatkanangle,Hatkanangle,1103094,1103094,5.2325791810948,"LINESTRING (74.45434569638181 16.688816664929178, 74.47631835415905 16.73090629817935)"
-10,48,38,-20.408163265306,-4,Hatkanangle,Hatkanangle,1103094,1103094,3.309556486594,"LINESTRING (74.45434569638181 16.688816664929178, 74.47631835730543 16.709862642677113)"
4.6,20.4,25,21.495327102804,0.89697421236209,Hatkanangle,Hatkanangle,1103094,1103094,3.3099211365742,"LINESTRING (74.45434569638181 16.688816664929178, 74.47631836274958 16.667768372580287)"
27.8,156.2,184,17.684478371501,3.8851681109059,Hatkanangle,Hatkanangle,1103094,1103094,2.3403397652516,"LINESTRING (74.45434569638181 16.688816664929178, 74.47631836483579 16.68881666766596)"
-1.6,30.6,29,-5.0632911392405,-0.26375218935832,Hatkanangle,Hatkanangle,1103094,1103094,2.3400805798476,"LINESTRING (74.45434570104558 16.709862642679674, 74.43237304480623 16.709862642677113)"
23.6,171.4,195,13.68909512761,2.2074398975142,Hatkanangle,Hatkanangle,1103094,1103094,2.3402096253458,"LINESTRING (74.45434570104558 16.709862642679674, 74.45434569638181 16.688816664929178)"
5.4,23.6,29,21.951219512195,1.2623163719729,Hatkanangle,Hatkanangle,1103094,1103094,2.3399517069806,"LINESTRING (74.45434570104558 16.709862642679674, 74.45434571012245 16.730906300918225)"
0.8,48.2,49,1.6260162601626,0.19576351369296,Hatkanangle,Hatkanangle,1103094,1103094,2.3400805820304,"LINESTRING (74.45434570104558 16.709862642679674, 74.47631835730543 16.709862642677113)"
10.4,44.6,55,22.80701754386,1.5284204639008,Hatkanangle,Hatkanangle,1103094,1103094,3.3095564874839,"LINESTRING (74.45434570104558 16.709862642679674, 74.47631836483579 16.68881666766596)"
-6.8,51.8,45,-12.878787878788,-2.4505498985319,Hatkanangle,Hatkanangle,1103094,1103094,2.3404669975616,"LINESTRING (74.45434570650006 16.66776837257837, 74.45434569638181 16.688816664929178)"
0.6,11.4,12,4.8387096774194,0.19674775073519,Hatkanangle,Hatkanangle,1103094,1103094,3.3099207469313,"LINESTRING (74.45434570650006 16.66776837257837, 74.47631836483579 16.68881666766596)"
3,11,14,25,0.88465173692938,Palus,Palus,1103106,1103106,2.33538970719,"LINESTRING (74.45434571010072 17.088290923714908, 74.43237305385979 17.088290923712343)"
-3.2,14.2,11,-21.052631578947,-0.67164076825778,Palus,Palus,1103106,1103106,2.3352576408335,"LINESTRING (74.45434571010072 17.088290923714908, 74.45434569457369 17.10929236726866)"
-1.2,11.2,10,-9.8360655737705,-0.24393468845452,Hatkanangle,Hatkanangle,1103094,1103094,4.6801613323263,"LINESTRING (74.45434571012245 16.730906300918225, 74.45434569638181 16.688816664929178)"
-3.6,28.6,25,-12.162162162162,-0.69540066835763,Hatkanangle,Hatkanangle,1103094,1103094,2.3399517069806,"LINESTRING (74.45434571012245 16.730906300918225, 74.45434570104558 16.709862642679674)"
4.6,36.4,41,12.299465240642,0.61857913371327,Gadhinglaj,Hukeri,1103102,1103790,2.3455617421752,"LINESTRING (74.47631835310371 16.246319709159394, 74.47631836468595 16.26741381957736)"
6.6,16.4,23,37.931034482759,3.9442544108035,Hatkanangle,Hatkanangle,1103094,1103094,5.2325791810949,"LINESTRING (74.47631835415905 16.73090629817935, 74.45434569638181 16.688816664929178)"
2.4,19.6,22,11.650485436893,1.0424933826314,Hatkanangle,Hatkanangle,1103094,1103094,2.339951402715,"LINESTRING (74.47631835415905 16.73090629817935, 74.47631835730543 16.709862642677113)"
4.8,66.2,71,7.1428571428571,0.52310056803213,Hatkanangle,Hatkanangle,1103094,1103094,3.309556486594,"LINESTRING (74.47631835730543 16.709862642677113, 74.45434569638181 16.688816664929178)"
-0.2,55.2,55,-0.355871886121,-0.03984095364448,Hatkanangle,Hatkanangle,1103094,1103094,2.3400805820304,"LINESTRING (74.47631835730543 16.709862642677113, 74.45434570104558 16.709862642679674)"
-1.6,17.6,16,-8.6021505376344,-0.42310870827836,Hatkanangle,Hatkanangle,1103094,1103094,2.339951402715,"LINESTRING (74.47631835730543 16.709862642677113, 74.47631835415905 16.73090629817935)"
5.2,57.8,63,8.843537414966,0.87030050510595,Hatkanangle,Hatkanangle,1103094,1103094,2.3402093207438,"LINESTRING (74.47631835730543 16.709862642677113, 74.47631836483579 16.68881666766596)"
2.6,23.4,26,10.655737704918,0.67583781838305,Hatkanangle,Hatkanangle,1103094,1103094,3.309921136574,"LINESTRING (74.47631836274958 16.667768372580287, 74.45434569638181 16.688816664929178)"
13.2,25.8,39,49.253731343284,2.9739989997916,Hatkanangle,Hatkanangle,1103094,1103094,2.3404673016652,"LINESTRING (74.47631836274958 16.667768372580287, 74.47631836483579 16.68881666766596)"
-1.2,28.2,27,-4.1095890410959,-0.92035798661684,Hukeri,Gadhinglaj,1103790,1103102,2.3455617421752,"LINESTRING (74.47631836468595 16.26741381957736, 74.47631835310371 16.246319709159394)"
6.4,17.6,24,34.408602150538,1.1090671891414,Hukeri,Hukeri,1103790,1103790,2.3454342697488,"LINESTRING (74.47631836468595 16.26741381957736, 74.49829100876295 16.267413816919113)"
-4.8,14.8,10,-30.379746835443,-1.2968237446999,Hukeri,Hukeri,1103790,1103790,3.3171241804145,"LINESTRING (74.47631836468595 16.26741381957736, 74.49829100934923 16.246319709159394)"
3.4,168.6,172,2.0047169811321,0.23643058120558,Hatkanangle,Hatkanangle,1103094,1103094,2.3403397652516,"LINESTRING (74.47631836483579 16.68881666766596, 74.45434569638181 16.688816664929178)"
1.6,29.4,31,5.2631578947368,0.31199103038681,Hatkanangle,Hatkanangle,1103094,1103094,3.3095564874839,"LINESTRING (74.47631836483579 16.68881666766596, 74.45434570104558 16.709862642679674)"
0,38,38,0,0,Hatkanangle,Hatkanangle,1103094,1103094,2.3402093207438,"LINESTRING (74.47631836483579 16.68881666766596, 74.47631835730543 16.709862642677113)"
7.2,25.8,33,26.865671641791,1.6649902442264,Hatkanangle,Hatkanangle,1103094,1103094,2.3404673016652,"LINESTRING (74.47631836483579 16.68881666766596, 74.47631836274958 16.667768372580287)"
6.6,33.4,40,19.186046511628,1.8447560814373,Hukeri,Hukeri,1103790,1103790,2.3454342697488,"LINESTRING (74.49829100876295 16.267413816919113, 74.47631836468595 16.26741381957736)"
-6.6,23.6,17,-26.829268292683,-2.164225258087,Hukeri,Hukeri,1103790,1103790,3.3171241804147,"LINESTRING (74.49829100934923 16.246319709159394, 74.47631836468595 16.26741381957736)"
-3.4,13.4,10,-23.611111111111,-1.0594008198446,Shirol,Hatkanangle,1103095,1103094,2.3398237104392,"LINESTRING (74.49829102262757 16.730906300920786, 74.47631835415905 16.73090629817935)"
-1.4,12.4,11,-10.44776119403,-0.47193990372427,Shirol,Shirol,1103095,1103095,3.3080941935958,"LINESTRING (74.5422363212483 16.79402331760615, 74.5642089810401 16.77298663918313)"
0.6,63.4,64,0.93167701863354,0.084182029989947,Shirol,Shirol,1103095,1103095,2.3393052056232,"LINESTRING (74.5422363247837 16.772986639185692, 74.5642089810401 16.77298663918313)"
-13.2,42.2,29,-30.555555555556,-2.9739989997916,Miraj,Miraj,1103111,1103111,2.3382673574702,"LINESTRING (74.54223632675992 16.85711936129235, 74.56420898301705 16.857119361292995)"
-4.4,15.4,11,-26.829268292683,-1.9112378681575,Miraj,Miraj,1103111,1103111,3.3066251430975,"LINESTRING (74.54223633194584 16.878146702955107, 74.56420898301705 16.857119361292995)"
0,11,11,0,0,Shirol,Shirol,1103095,1103095,5.231423130759,"LINESTRING (74.5422363351199 16.730906300920786, 74.5642089810401 16.77298663918313)"
0.4,16.6,17,2.2727272727273,0.11405318970244,Bhudargad,Bhudargad,1103100,1103100,2.3448047706175,"LINESTRING (74.14672852134174 16.330682537421644, 74.14672851905097 16.30959523460176)"
-0.4,54.4,54,-0.72202166064982,-0.085670587375624,Shirol,Shirol,1103095,1103095,2.3393052056232,"LINESTRING (74.5642089810401 16.77298663918313, 74.5422363247837 16.772986639185692)"
-8.2,20.2,12,-38.679245283019,-4,Shirol,Miraj,1103095,1103111,9.3551465473437,"LINESTRING (74.5642089810401 16.77298663918313, 74.56420898301705 16.857119361292995)"
-4,29,25,-13.333333333333,-0.51856297884173,Shirol,Shirol,1103095,1103095,2.3391758920802,"LINESTRING (74.5642089810401 16.77298663918313, 74.56420898972583 16.794023320361614)"
-1.8,11.8,10,-14.0625,-0.48630890426247,Shirol,Miraj,1103095,1103111,9.6430650059383,"LINESTRING (74.5642089810401 16.77298663918313, 74.58618165149595 16.857119364056715)"
11,26,37,40.740740740741,1.900510536279,Miraj,Miraj,1103111,1103111,2.3382673574702,"LINESTRING (74.56420898301705 16.857119361292995, 74.54223632675992 16.85711936129235)"
-6.2,17.2,11,-34.065934065934,-1.3309502512974,Miraj,Shirol,1103111,1103095,9.3551465473437,"LINESTRING (74.56420898301705 16.857119361292995, 74.5642089810401 16.77298663918313)"
5.4,46.6,52,11.344537815126,1.6431676725155,Miraj,Miraj,1103111,1103111,2.3383969870564,"LINESTRING (74.56420898301705 16.857119361292995, 74.56420899501165 16.836089684964687)"
7.8,49.2,57,15.537848605578,1.1177125364638,Miraj,Miraj,1103111,1103111,3.3069924683181,"LINESTRING (74.56420898301705 16.857119361292995, 74.58618162680041 16.836089679443816)"
1.2,50.8,52,2.3166023166023,0.25760327444466,Miraj,Miraj,1103111,1103111,3.3066247832084,"LINESTRING (74.56420898301705 16.857119361292995, 74.58618163219822 16.878146700186498)"
-11.2,192.2,181,-5.7971014492754,-0.54315201463917,Miraj,Miraj,1103111,1103111,2.3382686580571,"LINESTRING (74.56420898301705 16.857119361292995, 74.58618165149595 16.857119364056715)"
0.4,29.6,30,1.3071895424837,0.065938047339578,Miraj,Miraj,1103111,1103111,4.6765334032583,"LINESTRING (74.56420898301705 16.857119361292995, 74.6081542832731 16.85711935852863)"
3.6,10.4,14,31.578947368421,1.2495782421011,Miraj,Miraj,1103111,1103111,5.2282344509257,"LINESTRING (74.56420898301705 16.857119361292995, 74.6081543007001 16.87814670295767)"
3.6,28.4,32,12.244897959184,1.3324197783557,Miraj,Miraj,1103111,1103111,5.2288163632955,"LINESTRING (74.56420898301705 16.857119361292995, 74.60815430753232 16.83608968496725)"
-6.2,16.2,10,-36.046511627907,-1.775054836373,Miraj,Miraj,1103111,1103111,7.3946615601207,"LINESTRING (74.56420898301705 16.857119361292995, 74.63012695152499 16.836089682205852)"
-6.8,17.8,11,-36.170212765957,-2.0788206577535,Miraj,Miraj,1103111,1103111,7.393839844753,"LINESTRING (74.56420898301705 16.857119361292995, 74.63012695694297 16.87814670295639)"
-8.2,21.2,13,-36.936936936937,-3.1679363780736,Miraj,Miraj,1103111,1103111,9.6414590646373,"LINESTRING (74.56420898301705 16.857119361292995, 74.65209960778476 16.83608968220265)"
-4.2,25.2,21,-16.030534351145,-0.88152850833834,Miraj,Miraj,1103111,1103111,10.458211678311,"LINESTRING (74.56420898301705 16.857119361292995, 74.6520996106209 16.815057667835063)"
-1.4,31.4,30,-4.320987654321,-0.42600643361513,Shirol,Shirol,1103095,1103095,2.3391758920802,"LINESTRING (74.56420898972583 16.794023320361614, 74.5642089810401 16.77298663918313)"
-3.4,27.4,24,-11.971830985915,-1.2583964573359,Chikodi,Chikodi,1103786,1103786,3.3142618521878,"LINESTRING (74.56420899349799 16.415008983814793, 74.5861816397987 16.436084889100794)"
-0.6,20.6,20,-2.7777777777778,-0.10476454436544,Chikodi,Chikodi,1103786,1103786,2.3436647434798,"LINESTRING (74.56420899349799 16.415008983814793, 74.58618164972961 16.415008983814793)"
-29.4,71.4,42,-40.60773480663,-4,Miraj,Miraj,1103111,1103111,2.3383969870564,"LINESTRING (74.56420899501165 16.836089684964687, 74.56420898301705 16.857119361292995)"
-0.4,12.4,12,-2.9850746268657,-0.13884202690012,Miraj,Miraj,1103111,1103111,2.3385246448876,"LINESTRING (74.56420899501165 16.836089684964687, 74.58618162680041 16.836089679443816)"
-4.8,18.8,14,-24.242424242424,-0.86630745082132,Miraj,Miraj,1103111,1103111,3.3069932072723,"LINESTRING (74.56420899501165 16.836089684964687, 74.58618165149595 16.857119364056715)"
1.8,11.2,13,14.754098360656,0.32225169331774,Shirol,Shirol,1103095,1103095,3.3084594749184,"LINESTRING (74.58618162620581 16.75194762923688, 74.5642089810401 16.77298663918313)"
11,79,90,13.75,4,Miraj,Miraj,1103111,1103111,3.306992468318,"LINESTRING (74.58618162680041 16.836089679443816, 74.56420898301705 16.857119361292995)"
22.8,100.2,123,22.529644268775,4,Miraj,Miraj,1103111,1103111,2.3383979082629,"LINESTRING (74.58618162680041 16.836089679443816, 74.58618165149595 16.857119364056715)"
1,14,15,6.6666666666667,0.30860669992418,Miraj,Miraj,1103111,1103111,3.3069932058796,"LINESTRING (74.58618162680041 16.836089679443816, 74.6081542832731 16.85711935852863)"
2.4,29.6,32,7.843137254902,0.76665187799993,Miraj,Miraj,1103111,1103111,2.3385298538555,"LINESTRING (74.58618162680041 16.836089679443816, 74.60815430753232 16.83608968496725)"
8,10,18,72.727272727273,2.262741699797,Miraj,Miraj,1103111,1103111,4.6770557904131,"LINESTRING (74.58618162680041 16.836089679443816, 74.63012695152499 16.836089682205852)"
1.2,74.8,76,1.5831134564644,0.10724550081047,Miraj,Miraj,1103111,1103111,3.3066247832086,"LINESTRING (74.58618163219822 16.878146700186498, 74.56420898301705 16.857119361292995)"
-2.2,20.2,18,-10.377358490566,-0.38472357923047,Miraj,Miraj,1103111,1103111,2.3378772327379,"LINESTRING (74.58618163219822 16.878146700186498, 74.58618164410828 16.89917170225926)"
7.8,71.2,79,10.803324099723,0.98115148058192,Miraj,Miraj,1103111,1103111,2.3381367684456,"LINESTRING (74.58618163219822 16.878146700186498, 74.58618165149595 16.857119364056715)"
7.4,10.6,18,63.793103448276,3.2143545964467,Miraj,Miraj,1103111,1103111,3.3066251430635,"LINESTRING (74.58618163219822 16.878146700186498, 74.6081542832731 16.85711935852863)"
-0.6,13.6,13,-4.1095890410959,-0.14861322138542,Miraj,Miraj,1103111,1103111,2.3380084827666,"LINESTRING (74.58618163219822 16.878146700186498, 74.6081543007001 16.87814670295767)"
-0.8,13.8,13,-5.4054054054054,-0.2445671362063,Miraj,Miraj,1103111,1103111,4.6760156538654,"LINESTRING (74.58618163219822 16.878146700186498, 74.63012695694297 16.87814670295639)"
11.8,13.2,25,83.098591549296,4,Shirol,Shirol,1103095,1103095,2.3404666937887,"LINESTRING (74.58618163386451 16.688816664929178, 74.58618165622984 16.667768375310263)"
-1,11,10,-8.3333333333333,-0.42640143271122,Shirol,Shirol,1103095,1103095,2.3393052053536,"LINESTRING (74.58618163729395 16.772986639188893, 74.5642089810401 16.77298663918313)"
0,47,47,0,0,Chikodi,Chikodi,1103786,1103786,2.3435374206838,"LINESTRING (74.5861816397987 16.436084889100794, 74.58618164972961 16.415008983814793)"
2.2,16.8,19,12.359550561798,0.61733488659294,Miraj,Miraj,1103111,1103111,5.2279431467946,"LINESTRING (74.58618164410828 16.89917170225926, 74.56420898301705 16.857119361292995)"
-0.8,20.8,20,-3.6697247706422,-0.14679516868351,Miraj,Miraj,1103111,1103111,2.3378772327379,"LINESTRING (74.58618164410828 16.89917170225926, 74.58618163219822 16.878146700186498)"
3.8,17.2,21,20.879120879121,0.72201083024368,Chikodi,Chikodi,1103786,1103786,2.3436647434798,"LINESTRING (74.58618164972961 16.415008983814793, 74.56420899349799 16.415008983814793)"
-17.6,58.6,41,-29.530201342282,-2.0148856268091,Chikodi,Chikodi,1103786,1103786,2.3435374206838,"LINESTRING (74.58618164972961 16.415008983814793, 74.5861816397987 16.436084889100794)"
-4,237,233,-1.6806722689076,-0.6446583712203,Miraj,Miraj,1103111,1103111,2.3382686580571,"LINESTRING (74.58618165149595 16.857119364056715, 74.56420898301705 16.857119361292995)"
5,13,18,35.714285714286,1.1952286093344,Miraj,Miraj,1103111,1103111,3.3069932072722,"LINESTRING (74.58618165149595 16.857119364056715, 74.56420899501165 16.836089684964687)"
-7,92,85,-7.5268817204301,-0.91520863064486,Miraj,Miraj,1103111,1103111,2.3383979082629,"LINESTRING (74.58618165149595 16.857119364056715, 74.58618162680041 16.836089679443816)"
4.8,62.2,67,7.5949367088608,0.46798654558022,Miraj,Miraj,1103111,1103111,2.3381367684456,"LINESTRING (74.58618165149595 16.857119364056715, 74.58618163219822 16.878146700186498)"
-3.8,71.8,68,-5.2197802197802,-0.43675275873075,Miraj,Miraj,1103111,1103111,2.3382647523795,"LINESTRING (74.58618165149595 16.857119364056715, 74.6081542832731 16.85711935852863)"
-2.6,16.6,14,-14.772727272727,-1.2538313376431,Miraj,Miraj,1103111,1103111,3.3066247854995,"LINESTRING (74.58618165149595 16.857119364056715, 74.6081543007001 16.87814670295767)"
4.2,36.8,41,11.111111111111,0.53687549219316,Miraj,Miraj,1103111,1103111,3.3069931733635,"LINESTRING (74.58618165149595 16.857119364056715, 74.60815430753232 16.83608968496725)"
-1.8,16.8,15,-10.112359550562,-0.61025715325873,Miraj,Miraj,1103111,1103111,5.228814307261,"LINESTRING (74.58618165149595 16.857119364056715, 74.63012695152499 16.836089682205852)"
-10,23,13,-41.666666666667,-4,Miraj,Miraj,1103111,1103111,5.2282331488094,"LINESTRING (74.58618165149595 16.857119364056715, 74.63012695694297 16.87814670295639)"
-4.4,20.4,16,-20.560747663551,-0.84993415021488,Miraj,Miraj,1103111,1103111,7.3946604237025,"LINESTRING (74.58618165149595 16.857119364056715, 74.65209960778476 16.83608968220265)"
3.8,17.2,21,20.879120879121,1.0266521312208,Miraj,Miraj,1103111,1103111,8.4316789343544,"LINESTRING (74.58618165149595 16.857119364056715, 74.6520996106209 16.815057667835063)"
-8.6,22.6,14,-36.440677966102,-1.9575812505057,Shirol,Shirol,1103095,1103095,2.3404666937887,"LINESTRING (74.58618165622984 16.667768375310263, 74.58618163386451 16.688816664929178)"
-4,47,43,-8.3333333333333,-0.59962535119669,Miraj,Miraj,1103111,1103111,4.6765334032583,"LINESTRING (74.6081542832731 16.85711935852863, 74.56420898301705 16.857119361292995)"
-0.8,19.8,19,-3.8461538461538,-0.35082320772281,Miraj,Miraj,1103111,1103111,3.3069932058796,"LINESTRING (74.6081542832731 16.85711935852863, 74.58618162680041 16.836089679443816)"
-0.4,13.4,13,-2.7777777777778,-0.10397504898201,Miraj,Miraj,1103111,1103111,3.3066251430632,"LINESTRING (74.6081542832731 16.85711935852863, 74.58618163219822 16.878146700186498)"
17.6,79.4,97,21.890547263682,3.3997366008595,Miraj,Miraj,1103111,1103111,2.3382647523795,"LINESTRING (74.6081542832731 16.85711935852863, 74.58618165149595 16.857119364056715)"
-0.4,20.4,20,-1.8691588785047,-0.081144082593358,Miraj,Miraj,1103111,1103111,2.3381376912811,"LINESTRING (74.6081542832731 16.85711935852863, 74.6081543007001 16.87814670295767)"
8,32,40,24.242424242424,1.2418408411301,Miraj,Miraj,1103111,1103111,2.3383966793895,"LINESTRING (74.6081542832731 16.85711935852863, 74.60815430753232 16.83608968496725)"
-0.6,12.6,12,-4.4117647058824,-0.16770509831248,Miraj,Miraj,1103111,1103111,3.3069938751124,"LINESTRING (74.6081542832731 16.85711935852863, 74.63012695152499 16.836089682205852)"
-2.6,21.6,19,-11.504424778761,-0.90247317485081,Miraj,Miraj,1103111,1103111,3.3066270609799,"LINESTRING (74.6081542832731 16.85711935852863, 74.63012695694297 16.87814670295639)"
-1.2,46.2,45,-2.5423728813559,-0.15402346897489,Tasgaon,Tasgaon,1103110,1103110,2.3360460837163,"LINESTRING (74.60815428598734 17.04628092769377, 74.60815431011193 17.025272393513955)"
-10,25,15,-38.461538461538,-2.3249527748764,Hukeri,Hukeri,1103790,1103790,2.3458130772671,"LINESTRING (74.60815429272411 16.225223338434187, 74.60815429059477 16.246319709159394)"
1.4,12.6,14,10.294117647059,0.39131189606246,Miraj,Miraj,1103111,1103111,8.429334907945,"LINESTRING (74.60815429635954 16.92019435704662, 74.56420898301705 16.857119361292995)"
-3.4,29.4,26,-11.184210526316,-0.51669584461553,Miraj,Miraj,1103111,1103111,5.2282344509257,"LINESTRING (74.6081543007001 16.87814670295767, 74.56420898301705 16.857119361292995)"
-0.8,11.8,11,-6.25,-0.29814239699997,Miraj,Miraj,1103111,1103111,2.3380084827666,"LINESTRING (74.6081543007001 16.87814670295767, 74.58618163219822 16.878146700186498)"
0.8,18.2,19,4.1666666666667,0.14804664203952,Miraj,Miraj,1103111,1103111,3.3066247854996,"LINESTRING (74.6081543007001 16.87814670295767, 74.58618165149595 16.857119364056715)"
2.8,18.2,21,14.583333333333,0.66553576395814,Miraj,Miraj,1103111,1103111,2.3381376912811,"LINESTRING (74.6081543007001 16.87814670295767, 74.6081542832731 16.85711935852863)"
-3.8,25.8,22,-14.179104477612,-0.85615122721273,Miraj,Miraj,1103111,1103111,2.3380071783279,"LINESTRING (74.6081543007001 16.87814670295767, 74.63012695694297 16.87814670295639)"
5.6,11.4,17,45.161290322581,1.2747040700968,Shirol,Shirol,1103095,1103095,2.3396935466074,"LINESTRING (74.60815430691558 16.75194763472697, 74.60815429165825 16.730906298176787)"
6.4,47.6,54,13.168724279835,1.496078663079,Miraj,Miraj,1103111,1103111,5.2288163632954,"LINESTRING (74.60815430753232 16.83608968496725, 74.56420898301705 16.857119361292995)"
-2,34,32,-5.7142857142857,-0.44172610429939,Miraj,Miraj,1103111,1103111,2.3385298538555,"LINESTRING (74.60815430753232 16.83608968496725, 74.58618162680041 16.836089679443816)"
12.6,45.4,58,27.155172413793,2.8680841577177,Miraj,Miraj,1103111,1103111,3.3069931733636,"LINESTRING (74.60815430753232 16.83608968496725, 74.58618165149595 16.857119364056715)"
4.4,29.6,34,14.37908496732,1.4832396974191,Miraj,Miraj,1103111,1103111,2.3383966793895,"LINESTRING (74.60815430753232 16.83608968496725, 74.6081542832731 16.85711935852863)"
3.2,22.8,26,13.445378151261,0.97826854482519,Miraj,Miraj,1103111,1103111,2.3385259437193,"LINESTRING (74.60815430753232 16.83608968496725, 74.63012695152499 16.836089682205852)"
4.8,16.2,21,27.906976744186,1.157382773209,Miraj,Miraj,1103111,1103111,4.6770531858027,"LINESTRING (74.60815430753232 16.83608968496725, 74.65209960778476 16.83608968220265)"
0.2,14.8,15,1.2658227848101,0.045060590905933,Miraj,Miraj,1103111,1103111,5.2293953793626,"LINESTRING (74.60815430753232 16.83608968496725, 74.6520996106209 16.815057667835063)"
12.4,42.6,55,28.440366972477,3.4659053651247,Tasgaon,Tasgaon,1103110,1103110,2.3360460837163,"LINESTRING (74.60815431011193 17.025272393513955, 74.60815428598734 17.04628092769377)"
-8.8,25.8,17,-32.835820895522,-1.8890906792608,Miraj,Miraj,1103111,1103111,7.3946615601206,"LINESTRING (74.63012695152499 16.836089682205852, 74.56420898301705 16.857119361292995)"
-0.8,11.8,11,-6.25,-0.41590019592803,Miraj,Miraj,1103111,1103111,4.6770557904131,"LINESTRING (74.63012695152499 16.836089682205852, 74.58618162680041 16.836089679443816)"
-5.2,24.2,19,-20.634920634921,-1.4048923900916,Miraj,Miraj,1103111,1103111,5.2288143072609,"LINESTRING (74.63012695152499 16.836089682205852, 74.58618165149595 16.857119364056715)"
2.6,11.4,14,20.967741935484,0.96230317325689,Miraj,Miraj,1103111,1103111,3.3069938751124,"LINESTRING (74.63012695152499 16.836089682205852, 74.6081542832731 16.85711935852863)"
5,18,23,26.315789473684,1.474419561549,Miraj,Miraj,1103111,1103111,2.3385259437193,"LINESTRING (74.63012695152499 16.836089682205852, 74.60815430753232 16.83608968496725)"
7.2,16.8,24,40.449438202247,2.1049392463369,Miraj,Miraj,1103111,1103111,2.3386569654988,"LINESTRING (74.63012695152499 16.836089682205852, 74.63012695436754 16.815057667838907)"
-0.6,11.6,11,-4.7619047619048,-0.20826304035019,Miraj,Miraj,1103111,1103111,2.338397601137,"LINESTRING (74.63012695152499 16.836089682205852, 74.63012696400877 16.857119364056715)"
2,54,56,3.6363636363636,0.21566554640688,Miraj,Miraj,1103111,1103111,2.3385272493133,"LINESTRING (74.63012695152499 16.836089682205852, 74.65209960778476 16.83608968220265)"
-19.6,55.6,36,-34.628975265018,-2.8804847204285,Miraj,Miraj,1103111,1103111,3.3073606892706,"LINESTRING (74.63012695152499 16.836089682205852, 74.6520996106209 16.815057667835063)"
0.6,10.4,11,5.2631578947368,0.18695308585493,Miraj,Karvir,1103111,1103096,43.704232803603,"LINESTRING (74.63012695436754 16.815057667838907, 74.23461913854958 16.709862642679674)"
-1.8,16.8,15,-10.112359550562,-0.830278087226,Miraj,Miraj,1103111,1103111,2.3386569654988,"LINESTRING (74.63012695436754 16.815057667838907, 74.63012695152499 16.836089682205852)"
5.2,10.8,16,44.067796610169,2.7033512735322,Miraj,Miraj,1103111,1103111,3.307360261334,"LINESTRING (74.63012695436754 16.815057667838907, 74.65209960778476 16.83608968220265)"
13.2,31.8,45,40.243902439024,3.3313794698255,Miraj,Miraj,1103111,1103111,2.3387868539595,"LINESTRING (74.63012695436754 16.815057667838907, 74.6520996106209 16.815057667835063)"
-4.2,19.2,15,-20.792079207921,-0.8284813353101,Miraj,Miraj,1103111,1103111,7.3938398447531,"LINESTRING (74.63012695694297 16.87814670295639, 74.56420898301705 16.857119361292995)"
1.6,11.4,13,12.903225806452,1.0550087574333,Miraj,Miraj,1103111,1103111,4.6760156538654,"LINESTRING (74.63012695694297 16.87814670295639, 74.58618163219822 16.878146700186498)"
-5.4,23.4,18,-22.131147540984,-1.7249667254998,Miraj,Miraj,1103111,1103111,5.2282331488093,"LINESTRING (74.63012695694297 16.87814670295639, 74.58618165149595 16.857119364056715)"
0.2,21.8,22,0.87719298245614,0.056121353326631,Miraj,Miraj,1103111,1103111,3.3066270609797,"LINESTRING (74.63012695694297 16.87814670295639, 74.6081542832731 16.85711935852863)"
13.4,26.6,40,48.550724637681,2.8376077842471,Miraj,Miraj,1103111,1103111,2.3380071783279,"LINESTRING (74.63012695694297 16.87814670295639, 74.6081543007001 16.87814670295767)"
5.6,12.4,18,41.791044776119,1.7448954679793,Miraj,Miraj,1103111,1103111,3.3069924681237,"LINESTRING (74.63012696400877 16.857119364056715, 74.65209960778476 16.83608968220265)"
-7.6,17.6,10,-40.860215053763,-1.2443976330614,Miraj,Miraj,1103111,1103111,2.3380058767406,"LINESTRING (74.65209960095333 16.878146700186498, 74.63012695694297 16.87814670295639)"
7.2,30.8,38,22.641509433962,1.1083483292527,Miraj,Miraj,1103111,1103111,9.6414590646373,"LINESTRING (74.65209960778476 16.83608968220265, 74.56420898301705 16.857119361292995)"
6.4,24.6,31,25,2.4542879643116,Miraj,Miraj,1103111,1103111,7.3946604237025,"LINESTRING (74.65209960778476 16.83608968220265, 74.58618165149595 16.857119364056715)"
9,11,20,75,2.9199855803537,Miraj,Miraj,1103111,1103111,4.6770531858027,"LINESTRING (74.65209960778476 16.83608968220265, 74.60815430753232 16.83608968496725)"
9,44,53,20,2.7136021011999,Miraj,Miraj,1103111,1103111,2.3385272493133,"LINESTRING (74.65209960778476 16.83608968220265, 74.63012695152499 16.836089682205852)"
4.8,10.2,15,42.857142857143,1.157382773209,Miraj,Miraj,1103111,1103111,3.3073602613338,"LINESTRING (74.65209960778476 16.83608968220265, 74.63012695436754 16.815057667838907)"
6.2,20.8,27,28.440366972477,1.3013039884995,Panhala,Panhala,1103093,1103093,2.3381376912811,"LINESTRING (74.19067381460336 16.85711935852863, 74.19067383192663 16.87814670295767)"
3.6,16.4,20,20.689655172414,0.84154424798193,Miraj,Miraj,1103111,1103111,2.3383972941809,"LINESTRING (74.65209960778476 16.83608968220265, 74.65209960800712 16.857119361292995)"
4,113,117,3.5087719298246,0.6135719910779,Miraj,Miraj,1103111,1103111,2.3386569655706,"LINESTRING (74.65209960778476 16.83608968220265, 74.6520996106209 16.815057667835063)"
-3.6,15.6,12,-21.686746987952,-1.9817347772274,Miraj,Miraj,1103111,1103111,2.3385272482192,"LINESTRING (74.65209960778476 16.83608968220265, 74.67407226403428 16.836089682205852)"
-9.8,23.8,14,-39.516129032258,-2.4348295754998,Miraj,Miraj,1103111,1103111,2.3383972941809,"LINESTRING (74.65209960800712 16.857119361292995, 74.65209960778476 16.83608968220265)"
1.6,19.4,21,7.843137254902,0.321287731561,Panhala,Panhala,1103093,1103093,2.3382699478636,"LINESTRING (74.19067381460336 16.85711935852863, 74.21264649520238 16.857119364056715)"
-1.8,37.8,36,-4.639175257732,-0.41079191812887,Miraj,Miraj,1103111,1103111,10.458211678312,"LINESTRING (74.6520996106209 16.815057667835063, 74.56420898301705 16.857119361292995)"
12,21,33,54.545454545455,3.1513543886333,Miraj,Miraj,1103111,1103111,8.4316789343545,"LINESTRING (74.6520996106209 16.815057667835063, 74.58618165149595 16.857119364056715)"
4.2,30.8,35,13.207547169811,0.75801901946866,Miraj,Miraj,1103111,1103111,3.3073606892704,"LINESTRING (74.6520996106209 16.815057667835063, 74.63012695152499 16.836089682205852)"
3.4,28.6,32,11.486486486486,0.88378791634706,Miraj,Miraj,1103111,1103111,2.3387868539595,"LINESTRING (74.6520996106209 16.815057667835063, 74.63012695436754 16.815057667838907)"
5,91,96,5.4347826086957,0.78567420131839,Miraj,Miraj,1103111,1103111,2.3386569655706,"LINESTRING (74.6520996106209 16.815057667835063, 74.65209960778476 16.83608968220265)"
-7.4,20.4,13,-34.579439252336,-1.2198538757822,Miraj,Miraj,1103111,1103111,3.3073602615983,"LINESTRING (74.6520996106209 16.815057667835063, 74.67407226403428 16.836089682205852)"
0.8,13.2,14,5.6338028169014,0.23388213848187,Miraj,Miraj,1103111,1103111,2.3385272482192,"LINESTRING (74.67407226403428 16.836089682205852, 74.65209960778476 16.83608968220265)"
8,24,32,32,2.9211869733609,Miraj,Miraj,1103111,1103111,3.3073602615985,"LINESTRING (74.67407226403428 16.836089682205852, 74.6520996106209 16.815057667835063)"
10.6,41.4,52,25,1.7127993058561,Karvir,Karvir,1103096,1103096,2.3403397615347,"LINESTRING (74.1906738214087 16.688816664926616, 74.21264648982779 16.68881666766596)"
2.2,10.8,13,18.64406779661,0.59437754965413,Athni,Athni,1103787,1103787,2.3402096253458,"LINESTRING (74.71801757603822 16.709862642679674, 74.71801757135748 16.688816664929178)"
-0.2,33.2,33,-0.58479532163744,-0.074535599249994,Karvir,Karvir,1103096,1103096,5.2328680977201,"LINESTRING (74.1906738214087 16.688816664926616, 74.23461913854958 16.709862642679674)"
-1.2,28.2,27,-4.1095890410959,-0.18472472154212,Karvir,Karvir,1103096,1103096,4.6806782186238,"LINESTRING (74.1906738214087 16.688816664926616, 74.2346191460665 16.68881666766596)"
-0.8,11.8,11,-6.25,-0.33508312663336,Hukeri,Gokak,1103790,1103789,2.3456873827221,"LINESTRING (74.7399902403035 16.246319711817225, 74.76196289655981 16.24631971181467)"
3.8,21.2,25,17.117117117117,0.57483456977525,Gokak,Gokak,1103789,1103789,2.3458133725211,"LINESTRING (74.76196288647228 16.225223338434187, 74.76196289655981 16.24631971181467)"
3.4,23.6,27,13.821138211382,1.3545924239123,Raybag,Raybag,1103788,1103788,2.342645164898,"LINESTRING (74.7619628991575 16.499298882454553, 74.78393554315988 16.499298879753432)"
-0.6,18.6,18,-3.0612244897959,-0.1442541110503,Raybag,Raybag,1103788,1103788,2.342645164898,"LINESTRING (74.78393554315988 16.499298879753432, 74.7619628991575 16.499298882454553)"
7.8,10.2,18,69.642857142857,1.694051746776,Raybag,Raybag,1103788,1103788,2.3427739391699,"LINESTRING (74.7839355439104 16.47822984061087, 74.78393554315988 16.499298879753432)"
-1.8,13.8,12,-12.162162162162,-0.33895960971962,Karvir,Karvir,1103096,1103096,3.3095564861254,"LINESTRING (74.19067382605294 16.709862642677113, 74.21264648982779 16.68881666766596)"
7,16,23,41.176470588235,1.8073922282301,Athni,Athni,1103787,1103787,2.340724433011,"LINESTRING (74.82788085050053 16.667768369848392, 74.82788086140317 16.646717762328603)"
9,17,26,50,1.3887301496588,Athni,Athni,1103787,1103787,2.340724433011,"LINESTRING (74.82788086140317 16.646717762328603, 74.82788085050053 16.667768369848392)"
5.4,17.6,23,29.032258064516,1.3585174346519,Kavathemahankal,Kavathemahankal,1103112,1103112,2.3364401172232,"LINESTRING (74.8498535114236 17.004261490774095, 74.87182616768467 17.004261490774095)"
2.2,11.8,14,17.1875,1.0147843288318,Kavathemahankal,Kavathemahankal,1103112,1103112,3.3040389180574,"LINESTRING (74.84985352891556 17.025272393516524, 74.87182616768467 17.004261490774095)"
1,11,12,8.3333333333333,0.47140452079103,Kavathemahankal,Kavathemahankal,1103112,1103112,2.3364401172232,"LINESTRING (74.87182616768467 17.004261490774095, 74.8498535114236 17.004261490774095)"
1.4,11.6,13,11.111111111111,0.43622386699483,Kavathemahankal,Kavathemahankal,1103112,1103112,3.3040389180572,"LINESTRING (74.87182616768467 17.004261490774095, 74.84985352891556 17.025272393516524)"
0.2,21.8,22,0.87719298245614,0.038705649985809,Raybag,Raybag,1103788,1103788,2.3423911795566,"LINESTRING (74.93774414698758 16.52036562669604, 74.95971680324102 16.520365626693483)"
7.4,19.6,27,35.922330097087,1.4568735772726,Gokak,Gokak,1103789,1103789,2.3445515551385,"LINESTRING (74.95971678907847 16.35176756302103, 74.959716802653 16.33068253741909)"
-4.8,17.8,13,-25.531914893617,-1.5825131361499,Gokak,Gokak,1103789,1103789,2.3445515551385,"LINESTRING (74.959716802653 16.33068253741909, 74.95971678907847 16.35176756302103)"
-2.6,13.6,11,-17.808219178082,-0.46106248638574,Raybag,Raybag,1103788,1103788,2.3423911795566,"LINESTRING (74.95971680324102 16.520365626693483, 74.93774414698758 16.52036562669604)"
-0.4,11.4,11,-3.2258064516129,-0.23904572186688,Gokak,Gokak,1103789,1103789,2.3446770764838,"LINESTRING (74.98168944662943 16.33068253475194, 74.959716802653 16.33068253741909)"
7,15,22,43.75,1.6059101370939,Athni,Athni,1103787,1103787,3.3091908520264,"LINESTRING (75.06958007286575 16.73090629818191, 75.04760741978478 16.709862642677113)"
6.2,63.8,70,9.5679012345679,0.69231621794951,Athni,Athni,1103787,1103787,2.339821097304,"LINESTRING (75.06958007286575 16.73090629818191, 75.04760742893649 16.730906300920786)"
0.6,26.4,27,2.1897810218978,0.11699663639506,Jamkhandi,Jamkhandi,1103796,1103796,2.3426464709326,"LINESTRING (75.06958008668339 16.499298882454553, 75.047607430431 16.499298882456472)"
-5.4,19.4,14,-26.470588235294,-1.0062305898749,Karvir,Karvir,1103096,1103096,2.3405934713738,"LINESTRING (74.19067384364902 16.667768375310263, 74.21264647557575 16.66776836985095)"
-2.2,34.2,32,-6.25,-0.41800627014108,Karvir,Karvir,1103096,1103096,3.3099196164672,"LINESTRING (74.19067384364902 16.667768375310263, 74.21264648982779 16.68881666766596)"
9.2,28.8,38,30.872483221477,3.0331501776206,Karvir,Karvir,1103096,1103096,6.6194749591082,"LINESTRING (74.19067384364902 16.667768375310263, 74.23461913854958 16.709862642679674)"
9,31,40,28.125,2.4494897427832,Karvir,Karvir,1103096,1103096,5.2334428560634,"LINESTRING (74.19067384364902 16.667768375310263, 74.2346191460665 16.68881666766596)"
-2,22,20,-8.695652173913,-0.42640143271122,Karvir,Karvir,1103096,1103096,2.3405934713738,"LINESTRING (74.21264647557575 16.66776836985095, 74.19067384364902 16.667768375310263)"
9.4,88.6,98,10.491071428571,1.2936324240235,Karvir,Karvir,1103096,1103096,2.3404676051545,"LINESTRING (74.21264647557575 16.66776836985095, 74.21264648982779 16.68881666766596)"
-0.2,27.2,27,-0.70921985815603,-0.050475446512507,Karvir,Karvir,1103096,1103096,2.340596062014,"LINESTRING (74.21264647557575 16.66776836985095, 74.23461913182214 16.667768369848392)"
9.6,72.4,82,13.079019073569,1.0918965306453,Karvir,Karvir,1103096,1103096,5.2331561916013,"LINESTRING (74.21264647557575 16.66776836985095, 74.23461913854958 16.709862642679674)"
11.8,90.2,102,12.938596491228,4,Karvir,Karvir,1103096,1103096,3.3099218768967,"LINESTRING (74.21264647557575 16.66776836985095, 74.2346191460665 16.68881666766596)"
5.4,15.6,21,32.530120481928,1.453631135557,Karvir,Karvir,1103096,1103096,6.619477220079,"LINESTRING (74.21264647557575 16.66776836985095, 74.25659179479918 16.709862642677113)"
7,30,37,22.58064516129,0.91914503001806,Karvir,Karvir,1103096,1103096,2.3403397615347,"LINESTRING (74.21264648982779 16.68881666766596, 74.1906738214087 16.688816664926616)"
-2.6,19.6,17,-12.621359223301,-0.74134573306586,Karvir,Karvir,1103096,1103096,3.3099196164673,"LINESTRING (74.21264648982779 16.68881666766596, 74.19067384364902 16.667768375310263)"
0.4,62.6,63,0.62893081761006,0.071497000540316,Karvir,Karvir,1103096,1103096,2.3404676051545,"LINESTRING (74.21264648982779 16.68881666766596, 74.21264647557575 16.66776836985095)"
-2.6,42.6,40,-5.9633027522936,-1.3337718577107,Karvir,Karvir,1103096,1103096,2.3402096252486,"LINESTRING (74.21264648982779 16.68881666766596, 74.21264649446434 16.709862645415587)"
-1.2,25.2,24,-4.5801526717557,-0.18472472154212,Karvir,Karvir,1103096,1103096,3.3099197307748,"LINESTRING (74.21264648982779 16.68881666766596, 74.23461913182214 16.667768369848392)"
-29,148,119,-19.463087248322,-2.9991086019711,Karvir,Karvir,1103096,1103096,3.3095553526679,"LINESTRING (74.21264648982779 16.68881666766596, 74.23461913854958 16.709862642679674)"
32.6,213.4,246,15.205223880597,1.6253338631009,Karvir,Karvir,1103096,1103096,2.3403384641686,"LINESTRING (74.21264648982779 16.68881666766596, 74.2346191460665 16.68881666766596)"
1.8,14.2,16,11.842105263158,0.55027605646417,Karvir,Karvir,1103096,1103096,4.6806756262003,"LINESTRING (74.21264648982779 16.68881666766596, 74.2565917901462 16.688816664926616)"
-12.4,35.4,23,-34.065934065934,-2.3952689687874,Karvir,Karvir,1103096,1103096,5.2328668020575,"LINESTRING (74.21264648982779 16.68881666766596, 74.25659179479918 16.709862642677113)"
-1.8,11.8,10,-14.0625,-0.52623481158422,Karvir,Hatkanangle,1103096,1103094,9.9275722805254,"LINESTRING (74.21264648982779 16.68881666766596, 74.2785644509421 16.751947631978727)"
-2.4,47.4,45,-4.9586776859504,-0.45114694823815,Karvir,Karvir,1103096,1103096,2.3402096252486,"LINESTRING (74.21264649446434 16.709862645415587, 74.21264648982779 16.68881666766596)"
5.2,45.8,51,11.111111111111,0.4987565033942,Karvir,Karvir,1103096,1103096,2.340079285421,"LINESTRING (74.21264649446434 16.709862645415587, 74.23461913854958 16.709862642679674)"
0.2,29.8,30,0.64935064935065,0.032359240084529,Karvir,Karvir,1103096,1103096,3.3095557846968,"LINESTRING (74.21264649446434 16.709862645415587, 74.2346191460665 16.68881666766596)"
-0.8,11.8,11,-6.25,-0.321287731561,Panhala,Panhala,1103093,1103093,2.3382699478636,"LINESTRING (74.21264649520238 16.857119364056715, 74.19067381460336 16.85711935852863)"
4.2,24.8,29,16.279069767442,0.7344722876218,Walwa,Walwa,1103105,1103105,2.3359167779568,"LINESTRING (74.23461912978736 17.04628092769377, 74.25659179823607 17.04628093049701)"
12.2,24.8,37,47.286821705426,2.6814805918095,Karvir,Karvir,1103096,1103096,2.340596062014,"LINESTRING (74.23461913182214 16.667768369848392, 74.21264647557575 16.66776836985095)"
-11,32,21,-33.333333333333,-1.7179113807747,Karvir,Karvir,1103096,1103096,3.3099197307748,"LINESTRING (74.23461913182214 16.667768369848392, 74.21264648982779 16.68881666766596)"
-12.6,64.6,52,-19.207317073171,-2.1058577519644,Karvir,Karvir,1103096,1103096,4.6806769264666,"LINESTRING (74.23461913182214 16.667768369848392, 74.23461913854958 16.709862642679674)"
5.2,106.8,112,4.8237476808905,0.32174866776218,Karvir,Karvir,1103096,1103096,2.3404676054392,"LINESTRING (74.23461913182214 16.667768369848392, 74.2346191460665 16.68881666766596)"
-2.8,15.8,13,-16.666666666667,-0.9231326627541,Karvir,Karvir,1103096,1103096,5.2331561917546,"LINESTRING (74.23461913182214 16.667768369848392, 74.25659179479918 16.709862642677113)"
-3.4,16.4,13,-19.540229885057,-1.0594008198446,Karvir,Karvir,1103096,1103096,2.3405986545838,"LINESTRING (74.23461913182214 16.667768369848392, 74.25659181240694 16.667768375310263)"
-6.4,21.4,15,-28.571428571429,-1.1261045489245,Karvir,Karvir,1103096,1103096,5.2328680977201,"LINESTRING (74.23461913854958 16.709862642679674, 74.1906738214087 16.688816664926616)"
-5.2,15.2,10,-32.098765432099,-1.6281831568214,Karvir,Karvir,1103096,1103096,6.6194749591083,"LINESTRING (74.23461913854958 16.709862642679674, 74.19067384364902 16.667768375310263)"
-3.4,37.4,34,-8.8541666666667,-0.49177332601932,Karvir,Karvir,1103096,1103096,5.2331561916012,"LINESTRING (74.23461913854958 16.709862642679674, 74.21264647557575 16.66776836985095)"
-1.8,104.8,103,-1.7013232514178,-0.33028912953791,Karvir,Karvir,1103096,1103096,3.3095553526679,"LINESTRING (74.23461913854958 16.709862642679674, 74.21264648982779 16.68881666766596)"
-3.2,43.2,40,-7.2398190045249,-0.56835586666031,Karvir,Karvir,1103096,1103096,2.340079285421,"LINESTRING (74.23461913854958 16.709862642679674, 74.21264649446434 16.709862645415587)"
-1.8,35.8,34,-4.8913043478261,-0.69540066835763,Karvir,Karvir,1103096,1103096,4.6806769264666,"LINESTRING (74.23461913854958 16.709862642679674, 74.23461913182214 16.667768369848392)"
-39,271,232,-14.338235294118,-3.0044477415082,Karvir,Karvir,1103096,1103096,2.3402093210281,"LINESTRING (74.23461913854958 16.709862642679674, 74.2346191460665 16.68881666766596)"
0.40000000000001,66.6,67,0.59171597633137,0.068802091615379,Karvir,Karvir,1103096,1103096,2.3399517072653,"LINESTRING (74.23461913854958 16.709862642679674, 74.23461914760196 16.730906300920786)"
-10.2,45.2,35,-22.077922077922,-2.4959847995852,Karvir,Karvir,1103096,1103096,3.3095557845735,"LINESTRING (74.23461913854958 16.709862642679674, 74.2565917901462 16.688816664926616)"
-15.2,140.2,125,-10.764872521246,-4,Karvir,Karvir,1103096,1103096,2.3400805809397,"LINESTRING (74.23461913854958 16.709862642679674, 74.25659179479918 16.709862642677113)"
0.4,11.6,12,3.1746031746032,0.088779352323695,Karvir,Karvir,1103096,1103096,5.2331561670452,"LINESTRING (74.23461913854958 16.709862642679674, 74.25659181240694 16.667768375310263)"
-9,21,12,-40.909090909091,-2.25,Karvir,Hatkanangle,1103096,1103094,6.6180169580106,"LINESTRING (74.23461913854958 16.709862642679674, 74.2785644509421 16.751947631978727)"
-5.6,21.6,16,-24.778761061947,-4,Karvir,Karvir,1103096,1103096,4.6801611558571,"LINESTRING (74.23461913854958 16.709862642679674, 74.27856445105903 16.709862642679674)"
-4.4,24.4,20,-17.322834645669,-1.4832396974191,Karvir,Karvir,1103096,1103096,5.2328682352468,"LINESTRING (74.23461913854958 16.709862642679674, 74.27856445856443 16.68881666766596)"
-5.8,27.8,22,-20.138888888889,-0.88244189820277,Karvir,Karvir,1103096,1103096,7.0202417151846,"LINESTRING (74.23461913854958 16.709862642679674, 74.30053710730607 16.709862642677113)"
1,12,13,7.6923076923077,0.35355339059327,Karvir,Hatkanangle,1103096,1103094,23.51881321098,"LINESTRING (74.23461913854958 16.709862642679674, 74.45434569638181 16.688816664929178)"
-2,14,12,-13.333333333333,-0.64888568452305,Karvir,Karvir,1103096,1103096,4.6806782186238,"LINESTRING (74.2346191460665 16.68881666766596, 74.1906738214087 16.688816664926616)"
-4.8,16.8,12,-26.966292134831,-0.82684915505947,Karvir,Karvir,1103096,1103096,5.2334428560635,"LINESTRING (74.2346191460665 16.68881666766596, 74.19067384364902 16.667768375310263)"
11.8,43.2,55,26.696832579186,2.804757862395,Karvir,Karvir,1103096,1103096,3.3099218768967,"LINESTRING (74.2346191460665 16.68881666766596, 74.21264647557575 16.66776836985095)"
43.2,172.8,216,24.856156501726,3.019429024922,Karvir,Karvir,1103096,1103096,2.3403384641686,"LINESTRING (74.2346191460665 16.68881666766596, 74.21264648982779 16.68881666766596)"
-6.2,19.2,13,-30.693069306931,-1.4337415991949,Karvir,Karvir,1103096,1103096,3.3095557846967,"LINESTRING (74.2346191460665 16.68881666766596, 74.21264649446434 16.709862645415587)"
9.4,70.6,80,13.128491620112,1.4807281422549,Karvir,Karvir,1103096,1103096,2.3404676054392,"LINESTRING (74.2346191460665 16.68881666766596, 74.23461913182214 16.667768369848392)"
-32.8,270.8,238,-12.067696835909,-1.1671932698414,Karvir,Karvir,1103096,1103096,2.3402093210281,"LINESTRING (74.2346191460665 16.68881666766596, 74.23461913854958 16.709862642679674)"
10.6,20.4,31,49.532710280374,2.4128327041117,Karvir,Karvir,1103096,1103096,4.6801610282933,"LINESTRING (74.2346191460665 16.68881666766596, 74.23461914760196 16.730906300920786)"
8.2,71.8,80,11.263736263736,0.71725908623491,Karvir,Karvir,1103096,1103096,2.3403371691112,"LINESTRING (74.2346191460665 16.68881666766596, 74.2565917901462 16.688816664926616)"
-10.6,70.6,60,-14.804469273743,-1.1344849616867,Karvir,Karvir,1103096,1103096,3.3095553532869,"LINESTRING (74.2346191460665 16.68881666766596, 74.25659179479918 16.709862642677113)"
-2.4,22.4,20,-10.25641025641,-0.74781234341971,Karvir,Karvir,1103096,1103096,3.3099211350253,"LINESTRING (74.2346191460665 16.68881666766596, 74.25659181240694 16.667768375310263)"
-2.8,14.8,12,-17.721518987342,-0.94928890506913,Karvir,Hatkanangle,1103096,1103094,8.4368141183026,"LINESTRING (74.2346191460665 16.68881666766596, 74.2785644509421 16.751947631978727)"
5.4,12.6,18,39.705882352941,2.4647515087732,Karvir,Karvir,1103096,1103096,5.2328668041978,"LINESTRING (74.2346191460665 16.68881666766596, 74.27856445105903 16.709862642679674)"
-1.2,21.2,20,-5.4054054054054,-0.18695308585493,Karvir,Karvir,1103096,1103096,4.6806769234226,"LINESTRING (74.2346191460665 16.68881666766596, 74.27856445856443 16.68881666766596)"
-5,18,13,-26.315789473684,-1.5811388300842,Karvir,Karvir,1103096,1103096,6.6202056946339,"LINESTRING (74.2346191460665 16.68881666766596, 74.27856446731528 16.64671776505945)"
-5.6,15.6,10,-33.734939759036,-2.0726529885533,Karvir,Karvir,1103096,1103096,7.4003915102003,"LINESTRING (74.2346191460665 16.68881666766596, 74.30053710730607 16.709862642677113)"
-6.2,21.2,15,-27.927927927928,-1.4949527487283,Karvir,Karvir,1103096,1103096,5.2325791813963,"LINESTRING (74.23461914760196 16.730906300920786, 74.21264648982779 16.68881666766596)"
-31.2,87.2,56,-35.374149659864,-2.6539978853962,Karvir,Karvir,1103096,1103096,2.3399517072653,"LINESTRING (74.23461914760196 16.730906300920786, 74.23461913854958 16.709862642679674)"
-1.4,34.4,33,-3.954802259887,-0.48594709415044,Karvir,Karvir,1103096,1103096,4.6801610282933,"LINESTRING (74.23461914760196 16.730906300920786, 74.2346191460665 16.68881666766596)"
2,16,18,11.764705882353,1.6329931618555,Karvir,Karvir,1103096,1103096,2.3398211123311,"LINESTRING (74.23461914760196 16.730906300920786, 74.25659179167234 16.73090629817935)"
-2.8,29.8,27,-9.0909090909091,-0.42356231457124,Karvir,Karvir,1103096,1103096,3.309190624303,"LINESTRING (74.23461914760196 16.730906300920786, 74.25659179479918 16.709862642677113)"
-3.6,17.6,14,-19.354838709677,-0.65400517756148,Karvir,Karvir,1103096,1103096,5.233731330425,"LINESTRING (74.25659178671691 16.64671775960415, 74.2346191460665 16.68881666766596)"
4.6,23.4,28,18.852459016393,1.7025363834545,Karvir,Karvir,1103096,1103096,4.6806756262003,"LINESTRING (74.2565917901462 16.688816664926616, 74.21264648982779 16.68881666766596)"
-1,13,12,-7.1428571428571,-0.17149858514251,Karvir,Karvir,1103096,1103096,3.3099207453399,"LINESTRING (74.2565917901462 16.688816664926616, 74.23461913182214 16.667768369848392)"
-7.2,65.2,58,-10.876132930514,-1.4202537176744,Karvir,Karvir,1103096,1103096,3.3095557845736,"LINESTRING (74.2565917901462 16.688816664926616, 74.23461913854958 16.709862642679674)"
6.8,118.2,125,5.7046979865772,0.43739175030562,Karvir,Karvir,1103096,1103096,2.3403371691112,"LINESTRING (74.2565917901462 16.688816664926616, 74.2346191460665 16.68881666766596)"
-1.2,34.2,33,-3.4090909090909,-0.23670895294574,Karvir,Karvir,1103096,1103096,2.3402096253455,"LINESTRING (74.2565917901462 16.688816664926616, 74.25659179479918 16.709862642677113)"
-1.6,13.6,12,-10.958904109589,-0.44721359549996,Karvir,Karvir,1103096,1103096,2.340466693504,"LINESTRING (74.2565917901462 16.688816664926616, 74.25659181240694 16.667768375310263)"
4.8,29.2,34,15.894039735099,1.7297999283755,Karvir,Karvir,1103096,1103096,2.3403397614412,"LINESTRING (74.2565917901462 16.688816664926616, 74.27856445856443 16.68881666766596)"
-4,17,13,-22.222222222222,-1.4605934866804,Karvir,Karvir,1103096,1103096,3.3091908547719,"LINESTRING (74.25659179167234 16.73090629817935, 74.23461913854958 16.709862642679674)"
0.8,20.2,21,3.7735849056604,0.15780596863049,Karvir,Karvir,1103096,1103096,2.3398211123311,"LINESTRING (74.25659179167234 16.73090629817935, 74.23461914760196 16.730906300920786)"
-10.2,21.2,11,-45.945945945946,-4,Karvir,Hatkanangle,1103096,1103094,2.3395639501503,"LINESTRING (74.25659179469618 16.75194763198513, 74.2785644509421 16.751947631978727)"
10.6,29.4,40,34.868421052632,1.3942541506763,Karvir,Karvir,1103096,1103096,5.2328668020577,"LINESTRING (74.25659179479918 16.709862642677113, 74.21264648982779 16.68881666766596)"
-14.6,201.6,187,-7.2063178677196,-0.78174410980257,Karvir,Karvir,1103096,1103096,2.3400805809397,"LINESTRING (74.25659179479918 16.709862642677113, 74.23461913854958 16.709862642679674)"
-3.2,108.2,105,-2.9304029304029,-0.35844358939087,Karvir,Karvir,1103096,1103096,3.3095553532871,"LINESTRING (74.25659179479918 16.709862642677113, 74.2346191460665 16.68881666766596)"
2.4,26.6,29,8.695652173913,0.38780361642024,Karvir,Karvir,1103096,1103096,3.3091906243033,"LINESTRING (74.25659179479918 16.709862642677113, 74.23461914760196 16.730906300920786)"
3.4,32.6,36,10.119047619048,0.74549931641097,Karvir,Karvir,1103096,1103096,2.3402096253455,"LINESTRING (74.25659179479918 16.709862642677113, 74.2565917901462 16.688816664926616)"
-1,12,11,-7.6923076923077,-0.27216552697591,Karvir,Karvir,1103096,1103096,2.339951402715,"LINESTRING (74.25659179479918 16.709862642677113, 74.25659179167234 16.73090629817935)"
-2.6,19.6,17,-12.621359223301,-1.0358647947565,Karvir,Hatkanangle,1103096,1103094,5.2320017771971,"LINESTRING (74.25659179479918 16.709862642677113, 74.2785644509421 16.751947631978727)"
-5,30,25,-16.129032258065,-1.9611613513818,Karvir,Karvir,1103096,1103096,2.3400805820304,"LINESTRING (74.25659179479918 16.709862642677113, 74.27856445105903 16.709862642679674)"
7.2,14.8,22,45.569620253165,4,Karvir,Karvir,1103096,1103096,3.3095564854021,"LINESTRING (74.25659179479918 16.709862642677113, 74.27856445856443 16.68881666766596)"
-3.4,16.4,13,-19.540229885057,-1.551880579598,Karvir,Hatkanangle,1103096,1103094,3.3091919878892,"LINESTRING (74.25659179479918 16.709862642677113, 74.27856446010452 16.730906300920786)"
-2.2,27.2,25,-7.8014184397163,-0.59437754965413,Karvir,Karvir,1103096,1103096,4.6801611555835,"LINESTRING (74.25659179479918 16.709862642677113, 74.30053710730607 16.709862642677113)"
6.6,10.4,17,57.894736842105,1.8097480404534,Walwa,Walwa,1103105,1103105,2.3357840254964,"LINESTRING (74.25659179552636 17.067287107934344, 74.25659179823607 17.04628093049701)"
3,12,15,23.076923076923,1.5,Walwa,Walwa,1103105,1103105,2.3357840254964,"LINESTRING (74.25659179823607 17.04628093049701, 74.25659179552636 17.067287107934344)"
0,10,10,0,0,Walwa,Walwa,1103105,1103105,2.3360467060138,"LINESTRING (74.25659179823607 17.04628093049701, 74.25659179785815 17.025272390720737)"
-1.4,23.4,22,-5.7377049180328,-0.20356235441581,Walwa,Walwa,1103105,1103105,3.3032973182494,"LINESTRING (74.25659179823607 17.04628093049701, 74.27856445177115 17.06728710793178)"
14.4,48.6,63,29.032258064516,2.0104987598001,Walwa,Walwa,1103105,1103105,2.3359154804707,"LINESTRING (74.25659179823607 17.04628093049701, 74.27856445448023 17.046280930494444)"
4.2,10.8,15,35.593220338983,0.98449518497084,Walwa,Miraj,1103105,1103111,38.896980989009,"LINESTRING (74.25659179823607 17.04628093049701, 74.56420898301705 16.857119361292995)"
-0.6,19.6,19,-2.9126213592233,-0.11928641587313,Karvir,Karvir,1103096,1103096,2.3405986545838,"LINESTRING (74.25659181240694 16.667768375310263, 74.23461913182214 16.667768369848392)"
-5,27,22,-17.857142857143,-0.81110710565381,Karvir,Karvir,1103096,1103096,5.233156167045,"LINESTRING (74.25659181240694 16.667768375310263, 74.23461913854958 16.709862642679674)"
11.4,28.6,40,38.513513513514,1.6753839700451,Karvir,Karvir,1103096,1103096,3.3099211350256,"LINESTRING (74.25659181240694 16.667768375310263, 74.2346191460665 16.68881666766596)"
-0.8,14.8,14,-5.0632911392405,-0.19876159799998,Karvir,Karvir,1103096,1103096,2.340466693504,"LINESTRING (74.25659181240694 16.667768375310263, 74.2565917901462 16.688816664926616)"
-1.8,21.8,20,-7.8947368421053,-0.61025715325873,Karvir,Karvir,1103096,1103096,2.3409825342579,"LINESTRING (74.27856444057753 16.62566483638303, 74.27856446731528 16.64671776505945)"
0.8,10.2,11,7.1428571428571,0.41590019592803,Karvir,Karvir,1103096,1103096,6.6194762074673,"LINESTRING (74.27856444432263 16.667768369848392, 74.23461913854958 16.709862642679674)"
-0.6,10.6,10,-5.1724137931034,-0.67082039324994,Karvir,Karvir,1103096,1103096,2.3404676054392,"LINESTRING (74.27856444432263 16.667768369848392, 74.27856445856443 16.68881666766596)"
3.4,22.6,26,14.406779661017,1.3545924239123,Hatkanangle,Hatkanangle,1103094,1103094,2.3394345347677,"LINESTRING (74.27856444979906 16.77298663918313, 74.2785644509421 16.751947631978727)"
7.2,10.8,18,61.016949152542,3.1574088695053,Hatkanangle,Karvir,1103094,1103096,9.9275722805252,"LINESTRING (74.2785644509421 16.751947631978727, 74.21264648982779 16.68881666766596)"
-8,21,13,-36.363636363636,-1.8599622199011,Hatkanangle,Karvir,1103094,1103096,6.6180169580106,"LINESTRING (74.2785644509421 16.751947631978727, 74.23461913854958 16.709862642679674)"
6.4,13.6,20,43.835616438356,1.4204696371791,Hatkanangle,Karvir,1103094,1103096,8.4368141183024,"LINESTRING (74.2785644509421 16.751947631978727, 74.2346191460665 16.68881666766596)"
1.4,13.6,15,9.5890410958904,0.38388594797496,Hatkanangle,Karvir,1103094,1103096,2.3395639501503,"LINESTRING (74.2785644509421 16.751947631978727, 74.25659179469618 16.75194763198513)"
-0.2,14.2,14,-1.3157894736842,-0.051298917604258,Hatkanangle,Karvir,1103094,1103096,5.2320017771973,"LINESTRING (74.2785644509421 16.751947631978727, 74.25659179479918 16.709862642677113)"
-2,23,21,-8.3333333333333,-0.89442719099992,Hatkanangle,Hatkanangle,1103094,1103094,2.3394345347677,"LINESTRING (74.2785644509421 16.751947631978727, 74.27856444979906 16.77298663918313)"
-0.6,36.6,36,-1.5957446808511,-0.081051484043745,Hatkanangle,Hatkanangle,1103094,1103094,2.3396929358966,"LINESTRING (74.2785644509421 16.751947631978727, 74.27856446010452 16.730906300920786)"
-1.6,20.6,19,-7.4074074074074,-0.3388188399101,Karvir,Karvir,1103096,1103096,4.6801611558571,"LINESTRING (74.27856445105903 16.709862642679674, 74.23461913854958 16.709862642679674)"
-6,18,12,-31.578947368421,-1.2649110640674,Karvir,Karvir,1103096,1103096,5.2328668041977,"LINESTRING (74.27856445105903 16.709862642679674, 74.2346191460665 16.68881666766596)"
-11.6,30.6,19,-36.708860759494,-1.9122033728478,Karvir,Karvir,1103096,1103096,2.3400805820304,"LINESTRING (74.27856445105903 16.709862642679674, 74.25659179479918 16.709862642677113)"
2,16,18,11.764705882353,0.44721359549996,Karvir,Karvir,1103096,1103096,2.3402093210281,"LINESTRING (74.27856445105903 16.709862642679674, 74.27856445856443 16.68881666766596)"
5.8,28.2,34,19.86301369863,2.8301102115507,Karvir,Karvir,1103096,1103096,2.340080580666,"LINESTRING (74.27856445105903 16.709862642679674, 74.30053710730607 16.709862642677113)"
6.2,31.8,38,18.90243902439,1.5647388418877,Walwa,Walwa,1103105,1103105,3.3032973182493,"LINESTRING (74.27856445177115 17.06728710793178, 74.25659179823607 17.04628093049701)"
3.6,21.4,25,16.071428571429,0.6192188245384,Walwa,Walwa,1103105,1103105,2.3357840254968,"LINESTRING (74.27856445177115 17.06728710793178, 74.27856445448023 17.046280930494444)"
4.6,57.4,62,7.8767123287671,1.3997354247354,Walwa,Walwa,1103105,1103105,2.3359154804707,"LINESTRING (74.27856445448023 17.046280930494444, 74.25659179823607 17.04628093049701)"
5.4,20.6,26,25,0.94288089928893,Walwa,Walwa,1103105,1103105,2.3357840254968,"LINESTRING (74.27856445448023 17.046280930494444, 74.27856445177115 17.06728710793178)"
1,10,11,9.0909090909091,0.28284271247462,Karvir,Karvir,1103096,1103096,7.0210153663025,"LINESTRING (74.27856445856443 16.68881666766596, 74.21264648982779 16.68881666766596)"
5.4,35.6,41,14.754098360656,0.87255813694554,Karvir,Karvir,1103096,1103096,5.2328682352469,"LINESTRING (74.27856445856443 16.68881666766596, 74.23461913854958 16.709862642679674)"
1.6,28.4,30,5.4421768707483,0.26929769115038,Karvir,Karvir,1103096,1103096,4.6806769234226,"LINESTRING (74.27856445856443 16.68881666766596, 74.2346191460665 16.68881666766596)"
17,27,44,60.714285714286,4,Karvir,Karvir,1103096,1103096,2.3403397614412,"LINESTRING (74.27856445856443 16.68881666766596, 74.2565917901462 16.688816664926616)"
1.8,16.2,18,10.46511627907,0.35165909932405,Karvir,Karvir,1103096,1103096,3.309556485402,"LINESTRING (74.27856445856443 16.68881666766596, 74.25659179479918 16.709862642677113)"
-3.2,22.2,19,-13.793103448276,-0.67164076825778,Karvir,Karvir,1103096,1103096,2.3402093210281,"LINESTRING (74.27856445856443 16.68881666766596, 74.27856445105903 16.709862642679674)"
-0.6,13.6,13,-4.1095890410959,-0.1365754360818,Karvir,Karvir,1103096,1103096,2.3403384663502,"LINESTRING (74.27856445856443 16.68881666766596, 74.30053711482363 16.6888166676634)"
2.2,13.8,16,14.864864864865,0.61733488659294,Hatkanangle,Karvir,1103094,1103096,5.2322915988565,"LINESTRING (74.27856446010452 16.730906300920786, 74.23461913854958 16.709862642679674)"
8,32,40,24.242424242424,1.2728916546812,Hatkanangle,Hatkanangle,1103094,1103094,2.3396929358966,"LINESTRING (74.27856446010452 16.730906300920786, 74.2785644509421 16.751947631978727)"
0,20,20,0,0,Karvir,Karvir,1103096,1103096,6.6202056946339,"LINESTRING (74.27856446731528 16.64671776505945, 74.2346191460665 16.68881666766596)"
-1.2,21.2,20,-5.4054054054054,-0.52623481158422,Karvir,Karvir,1103096,1103096,2.3409825342579,"LINESTRING (74.27856446731528 16.64671776505945, 74.27856444057753 16.62566483638303)"
3,17,20,16.666666666667,0.86602540378444,Karvir,Karvir,1103096,1103096,2.3408507772731,"LINESTRING (74.27856446731528 16.64671776505945, 74.3005370992118 16.64671775960415)"
3,20,23,14.285714285714,1.1766968108291,Karvir,Karvir,1103096,1103096,2.3408507772731,"LINESTRING (74.3005370992118 16.64671775960415, 74.27856446731528 16.64671776505945)"
-11.8,30.8,19,-37.106918238994,-4,Kagal,Kagal,1103099,1103099,2.3416235713011,"LINESTRING (74.30053710606016 16.583552065207467, 74.3225097622968 16.583552065207467)"
9.8,20.2,30,46.22641509434,2.6476818120957,Karvir,Karvir,1103096,1103096,7.0202417151846,"LINESTRING (74.30053710730607 16.709862642677113, 74.23461913854958 16.709862642679674)"
6.2,11.8,18,48.4375,2.7188798598518,Karvir,Karvir,1103096,1103096,4.6801611555835,"LINESTRING (74.30053710730607 16.709862642677113, 74.25659179479918 16.709862642677113)"
-7.2,37.2,30,-18.848167539267,-0.9092822765089,Karvir,Karvir,1103096,1103096,2.340080580666,"LINESTRING (74.30053710730607 16.709862642677113, 74.27856445105903 16.709862642679674)"
-4.6,21.6,17,-20.353982300885,-1.2164375363003,Hatkanangle,Hatkanangle,1103094,1103094,2.3385272490397,"LINESTRING (74.30053710778988 16.836089682205852, 74.3225097640471 16.83608968220265)"
-1.6,13.6,12,-10.958904109589,-0.44721359549996,Karvir,Karvir,1103096,1103096,2.3403384663502,"LINESTRING (74.30053711482363 16.6888166676634, 74.27856445856443 16.68881666766596)"
